1;E;braggart;1.02;Plays;338;/;350;=;96.6%;Wins;147;/;338;=;43.5%;PWR;=;6.0;6.4;5.6;6.6;5.4
1;G5;Driftwood;2.16;Plays;204;/;221;=;92.3%;Wins;93;/;204;=;45.6%;PWR;=;6.0;6.5;5.5;6.8;5.2
2;G5;Ninja;1.67;Plays;192;/;202;=;95%;Wins;83;/;192;=;43.2%;PWR;=;5.9;6.4;5.4;6.7;5.1
2;I;chamberlain;1.11;Plays;336;/;344;=;97.7%;Wins;136;/;336;=;40.5%;PWR;=;5.7;6.1;5.3;6.3;5.1
3;G4;MorningTrader;1.49;Plays;186;/;193;=;96.4%;Wins;72;/;186;=;38.7%;PWR;=;5.3;5.8;4.8;6.1;4.5
4;G5;EngineeringApprentic;2.03;Plays;191;/;199;=;96%;Wins;73;/;191;=;38.2%;PWR;=;5.2;5.7;4.7;6.0;4.4
1;PI;SunriseHerder;1.80;Plays;78;/;83;=;94%;Wins;30;/;78;=;38.5%;PWR;=;5.2;6.0;4.4;6.4;4.0
3;K;duckpond;1.85;Plays;365;/;387;=;94.3%;Wins;137;/;365;=;37.5%;PWR;=;5.1;5.5;4.7;5.7;4.5
4;E;quarry;1.18;Plays;397;/;441;=;90%;Wins;157;/;397;=;39.5%;PWR;=;5.1;5.5;4.7;5.6;4.6
5;G5;Patroness;2.04;Plays;196;/;202;=;97%;Wins;72;/;196;=;36.7%;PWR;=;5.1;5.6;4.6;5.9;4.3
6;G4;Native;1.40;Plays;202;/;212;=;95.3%;Wins;75;/;202;=;37.1%;PWR;=;5.1;5.6;4.6;5.9;4.3
7;G4;Noble;2.03;Plays;182;/;208;=;87.5%;Wins;72;/;182;=;39.6%;PWR;=;5.0;5.5;4.5;5.8;4.2
5;E;fruittree;1.80;Plays;339;/;370;=;91.6%;Wins;126;/;339;=;37.2%;PWR;=;4.9;5.3;4.5;5.5;4.3
6;WM;PlumPatch;2.80;Plays;346;/;429;=;80.7%;Wins;144;/;346;=;41.6%;PWR;=;4.8;5.2;4.4;5.3;4.3
7;K;perpetualstudent;2.10;Plays;360;/;396;=;90.9%;Wins;132;/;360;=;36.7%;PWR;=;4.8;5.2;4.4;5.4;4.2
8;E;reedpond;1.92;Plays;359;/;412;=;87.1%;Wins;138;/;359;=;38.4%;PWR;=;4.8;5.2;4.4;5.4;4.2
8;G4;CottonField;2.56;Plays;203;/;226;=;89.8%;Wins;76;/;203;=;37.4%;PWR;=;4.8;5.3;4.3;5.5;4.1
2;O;compulsoryeducation;2.51;Plays;98;/;105;=;93.3%;Wins;35;/;98;=;35.7%;PWR;=;4.8;5.5;4.1;5.9;3.7
9;FR;Camembert;3.31;Plays;340;/;380;=;89.5%;Wins;124;/;340;=;36.5%;PWR;=;4.7;5.1;4.3;5.3;4.1
10;E;hutbuilder;1.65;Plays;350;/;370;=;94.6%;Wins;122;/;350;=;34.9%;PWR;=;4.7;5.1;4.3;5.3;4.1
11;FR;DebtCollector;2.20;Plays;313;/;344;=;91%;Wins;113;/;313;=;36.1%;PWR;=;4.7;5.1;4.3;5.3;4.1
9;G4;BlackSwanLake;2.42;Plays;208;/;221;=;94.1%;Wins;72;/;208;=;34.6%;PWR;=;4.7;5.2;4.2;5.5;3.9
10;G5;MelonPatch;3.67;Plays;176;/;220;=;80%;Wins;72;/;176;=;40.9%;PWR;=;4.7;5.2;4.2;5.5;3.9
11;G5;WinterPond;2.68;Plays;206;/;224;=;92%;Wins;73;/;206;=;35.4%;PWR;=;4.7;5.2;4.2;5.4;4.0
12;K;beehive;1.76;Plays;386;/;415;=;93%;Wins;133;/;386;=;34.5%;PWR;=;4.6;5.0;4.2;5.1;4.1
13;K;bookshelf;1.41;Plays;397;/;431;=;92.1%;Wins;139;/;397;=;35%;PWR;=;4.6;5.0;4.2;5.1;4.1
14;E;lordofthemanor;2.21;Plays;282;/;376;=;75%;Wins;121;/;282;=;42.9%;PWR;=;4.6;5.0;4.2;5.2;4.0
15;E;mason;1.70;Plays;326;/;378;=;86.2%;Wins;122;/;326;=;37.4%;PWR;=;4.6;5.0;4.2;5.2;4.0
16;I;goosepond;1.95;Plays;346;/;376;=;92%;Wins;120;/;346;=;34.7%;PWR;=;4.6;5.0;4.2;5.2;4.0
17;I;fieldwatchman;1.11;Plays;409;/;411;=;99.5%;Wins;132;/;409;=;32.3%;PWR;=;4.6;5.0;4.2;5.2;4.0
18;K;pelts;2.81;Plays;319;/;399;=;79.9%;Wins;129;/;319;=;40.4%;PWR;=;4.6;5.0;4.2;5.2;4.0
12;G5;MuddyBog;2.77;Plays;189;/;207;=;91.3%;Wins;66;/;189;=;34.9%;PWR;=;4.6;5.1;4.1;5.4;3.8
13;G5;PumpkinTrellis;2.03;Plays;183;/;223;=;82.1%;Wins;72;/;183;=;39.3%;PWR;=;4.6;5.1;4.1;5.4;3.8
19;FR;Absinthe;3.42;Plays;322;/;387;=;83.2%;Wins;121;/;322;=;37.6%;PWR;=;4.5;4.9;4.1;5.1;3.9
20;E;charcoalburner;1.43;Plays;388;/;399;=;97.2%;Wins;127;/;388;=;32.7%;PWR;=;4.5;4.9;4.1;5.1;3.9
3;CZ;cz4robber;1.72;Plays;96;/;104;=;92.3%;Wins;33;/;96;=;34.4%;PWR;=;4.5;5.2;3.8;5.6;3.4
21;FR;Homework;2.44;Plays;307;/;353;=;87%;Wins;109;/;307;=;35.5%;PWR;=;4.4;4.8;4.0;5.0;3.8
22;E;beanfield;3.41;Plays;349;/;400;=;87.3%;Wins;122;/;349;=;35%;PWR;=;4.4;4.8;4.0;5.0;3.8
23;E;patron;1.88;Plays;382;/;414;=;92.3%;Wins;128;/;382;=;33.5%;PWR;=;4.4;4.8;4.0;5.0;3.8
24;WM;CloisterDweller;1.92;Plays;371;/;400;=;92.8%;Wins;123;/;371;=;33.2%;PWR;=;4.4;4.8;4.0;5.0;3.8
14;G5;MuddyWaters;3.57;Plays;162;/;190;=;85.3%;Wins;58;/;162;=;35.8%;PWR;=;4.4;4.9;3.9;5.2;3.6
15;G4;MasterHuntsman;2.87;Plays;173;/;216;=;80.1%;Wins;66;/;173;=;38.2%;PWR;=;4.4;4.9;3.9;5.2;3.6
16;G4;ChildPsychologist;2.69;Plays;169;/;212;=;79.7%;Wins;65;/;169;=;38.5%;PWR;=;4.4;4.9;3.9;5.2;3.6
4;O;emergencyhousing;1.41;Plays;32;/;45;=;71.1%;Wins;14;/;32;=;43.8%;PWR;=;4.4;5.5;3.3;6.1;2.7
5;O;neutrality;2.93;Plays;78;/;98;=;79.6%;Wins;30;/;78;=;38.5%;PWR;=;4.4;5.2;3.6;5.5;3.3
25;K;forestpasture;2.22;Plays;383;/;426;=;89.9%;Wins;127;/;382;=;33.2%;PWR;=;4.3;4.7;3.9;4.8;3.8
26;K;housegoat;1.69;Plays;417;/;423;=;98.6%;Wins;128;/;417;=;30.7%;PWR;=;4.3;4.7;3.9;4.8;3.8
27;K;educator;1.29;Plays;380;/;395;=;96.2%;Wins;119;/;379;=;31.4%;PWR;=;4.3;4.7;3.9;4.9;3.7
28;K;swanlake;1.66;Plays;353;/;407;=;86.7%;Wins;123;/;353;=;34.8%;PWR;=;4.3;4.7;3.9;4.9;3.7
17;G5;BoardingSchool;2.43;Plays;136;/;194;=;70.1%;Wins;58;/;136;=;42.6%;PWR;=;4.3;4.8;3.8;5.1;3.5
6;BI;Skybridge;2.09;Plays;55;/;69;=;79.7%;Wins;21;/;55;=;38.2%;PWR;=;4.3;5.2;3.4;5.6;3.0
7;O;farmersball;2.91;Plays;76;/;102;=;74.5%;Wins;31;/;76;=;40.8%;PWR;=;4.3;5.0;3.6;5.4;3.2
29;WM;DiamondMine;2.33;Plays;380;/;439;=;86.6%;Wins;128;/;380;=;33.7%;PWR;=;4.2;4.6;3.8;4.7;3.7
30;E;axe;1.46;Plays;358;/;389;=;92%;Wins;113;/;358;=;31.6%;PWR;=;4.2;4.6;3.8;4.8;3.6
31;E;grocer;1.43;Plays;399;/;414;=;96.4%;Wins;123;/;399;=;30.8%;PWR;=;4.2;4.6;3.8;4.8;3.6
32;I;planterbox;3.35;Plays;355;/;396;=;89.6%;Wins;116;/;355;=;32.7%;PWR;=;4.2;4.6;3.8;4.8;3.6
33;K;turnipfield;1.92;Plays;407;/;473;=;86%;Wins;138;/;407;=;33.9%;PWR;=;4.2;4.5;3.9;4.7;3.7
34;FR;ImmigrantsSon;3.01;Plays;299;/;370;=;80.8%;Wins;109;/;299;=;36.5%;PWR;=;4.2;4.6;3.8;4.8;3.6
35;FR;HeadOfTheRevolution;3.28;Plays;297;/;389;=;76.3%;Wins;114;/;297;=;38.4%;PWR;=;4.2;4.6;3.8;4.8;3.6
36;WM;HedgeMaster;2.66;Plays;305;/;343;=;88.9%;Wins;100;/;305;=;32.8%;PWR;=;4.2;4.6;3.8;4.8;3.6
37;FR;CabbageLover;3.54;Plays;272;/;352;=;77.3%;Wins;103;/;272;=;37.9%;PWR;=;4.2;4.6;3.8;4.8;3.6
18;G4;Barn;2.83;Plays;186;/;212;=;87.7%;Wins;63;/;186;=;33.9%;PWR;=;4.2;4.7;3.7;5.0;3.4
19;G5;CasinoManager;3.64;Plays;179;/;212;=;84.4%;Wins;62;/;179;=;34.6%;PWR;=;4.2;4.7;3.7;5.0;3.4
20;G5;CircusManager;1.85;Plays;186;/;199;=;93.5%;Wins;58;/;186;=;31.2%;PWR;=;4.2;4.7;3.7;5.0;3.4
8;Z;motheroftwins;1.27;Plays;93;/;103;=;90.3%;Wins;30;/;93;=;32.3%;PWR;=;4.2;4.9;3.5;5.3;3.1
38;WM;Raspberries;2.28;Plays;381;/;399;=;95.5%;Wins;116;/;381;=;30.4%;PWR;=;4.1;4.5;3.7;4.7;3.5
39;E;carppond;2.95;Plays;371;/;395;=;93.9%;Wins;112;/;371;=;30.2%;PWR;=;4.1;4.5;3.7;4.7;3.5
40;E;chief;2.60;Plays;252;/;376;=;67%;Wins;107;/;252;=;42.5%;PWR;=;4.1;4.5;3.7;4.7;3.5
41;FR;Boatswain;2.04;Plays;326;/;375;=;86.9%;Wins;108;/;326;=;33.1%;PWR;=;4.1;4.5;3.7;4.7;3.5
21;G4;Pastureland;3.89;Plays;158;/;204;=;77.5%;Wins;59;/;158;=;37.3%;PWR;=;4.1;4.6;3.6;4.9;3.3
22;G4;Popcorn;3.43;Plays;175;/;221;=;79.2%;Wins;63;/;175;=;36%;PWR;=;4.1;4.6;3.6;4.9;3.3
23;G5;Acquirer;3.35;Plays;140;/;195;=;71.8%;Wins;56;/;140;=;40%;PWR;=;4.1;4.6;3.6;4.9;3.3
24;G5;Wolf;2.17;Plays;200;/;216;=;92.6%;Wins;62;/;200;=;31%;PWR;=;4.1;4.6;3.6;4.9;3.3
25;G4;AnimalHusbandryWorke;2.38;Plays;178;/;192;=;92.7%;Wins;55;/;178;=;30.9%;PWR;=;4.1;4.6;3.6;4.9;3.3
9;O;schnitzelmallet;2.36;Plays;72;/;91;=;79.1%;Wins;26;/;72;=;36.1%;PWR;=;4.1;4.9;3.3;5.3;2.9
42;K;animalbreeder;1.46;Plays;385;/;401;=;96%;Wins;112;/;385;=;29.1%;PWR;=;4.0;4.4;3.6;4.6;3.4
43;FR;WritingManiac;2.76;Plays;277;/;356;=;77.8%;Wins;100;/;277;=;36.1%;PWR;=;4.0;4.4;3.6;4.6;3.4
26;G5;BreadMachine;3.45;Plays;141;/;194;=;72.7%;Wins;54;/;141;=;38.3%;PWR;=;4.0;4.5;3.5;4.8;3.2
27;G5;GoldMine;3.03;Plays;159;/;205;=;77.6%;Wins;57;/;159;=;35.8%;PWR;=;4.0;4.5;3.5;4.8;3.2
28;G4;FieldDoctor;2.27;Plays;169;/;212;=;79.7%;Wins;60;/;169;=;35.5%;PWR;=;4.0;4.5;3.5;4.8;3.2
29;G5;Officer;2.36;Plays;148;/;197;=;75.1%;Wins;55;/;148;=;37.2%;PWR;=;4.0;4.5;3.5;4.8;3.2
10;O;styrianoak;1.67;Plays;50;/;61;=;82%;Wins;17;/;50;=;34%;PWR;=;4.0;5.0;3.0;5.4;2.6
44;E;plowdriver;2.76;Plays;299;/;403;=;74.2%;Wins;110;/;299;=;36.8%;PWR;=;3.9;4.3;3.5;4.5;3.3
45;I;woodcollector;3.34;Plays;333;/;411;=;81%;Wins;112;/;333;=;33.6%;PWR;=;3.9;4.3;3.5;4.5;3.3
46;K;marketwomen;2.03;Plays;357;/;391;=;91.3%;Wins;107;/;357;=;30%;PWR;=;3.9;4.3;3.5;4.5;3.3
47;E;lettucepatch;2.97;Plays;341;/;420;=;81.2%;Wins;114;/;341;=;33.4%;PWR;=;3.9;4.3;3.5;4.4;3.4
48;FR;TurkeyBreeder;2.28;Plays;329;/;364;=;90.4%;Wins;100;/;329;=;30.4%;PWR;=;3.9;4.3;3.5;4.5;3.3
30;G5;OldHiker;4.69;Plays;148;/;190;=;77.9%;Wins;52;/;148;=;35.1%;PWR;=;3.9;4.4;3.4;4.7;3.1
31;G5;OverAchiever;3.45;Plays;163;/;230;=;70.9%;Wins;63;/;163;=;38.7%;PWR;=;3.9;4.4;3.4;4.6;3.2
32;G4;SchoolLunchLady;2.35;Plays;198;/;217;=;91.2%;Wins;59;/;198;=;29.8%;PWR;=;3.9;4.4;3.4;4.7;3.1
33;G4;CommercialBaker;2.87;Plays;150;/;186;=;80.6%;Wins;51;/;150;=;34%;PWR;=;3.9;4.4;3.4;4.7;3.1
11;CZ;cz1weekendworker;1.91;Plays;86;/;96;=;89.6%;Wins;26;/;86;=;30.2%;PWR;=;3.9;4.7;3.1;5.0;2.8
12;CZ;cz4teacherofnations;2.26;Plays;90;/;95;=;94.7%;Wins;26;/;90;=;28.9%;PWR;=;3.9;4.7;3.1;5.0;2.8
49;WM;Almshouse;3.66;Plays;311;/;404;=;77%;Wins;106;/;311;=;34.1%;PWR;=;3.8;4.2;3.4;4.4;3.2
50;FR;ArtistsGarden;2.96;Plays;328;/;401;=;81.8%;Wins;106;/;328;=;32.3%;PWR;=;3.8;4.2;3.4;4.4;3.2
51;FR;Diary;3.60;Plays;320;/;384;=;83.3%;Wins;101;/;320;=;31.6%;PWR;=;3.8;4.2;3.4;4.4;3.2
52;WM;Downsizing;3.34;Plays;300;/;362;=;82.9%;Wins;96;/;300;=;32%;PWR;=;3.8;4.2;3.4;4.4;3.2
53;FR;WitchesDanceGround;4.19;Plays;271;/;368;=;73.6%;Wins;97;/;271;=;35.8%;PWR;=;3.8;4.2;3.4;4.4;3.2
54;E;animalpen;1.34;Plays;355;/;407;=;87.2%;Wins;109;/;355;=;30.7%;PWR;=;3.8;4.2;3.4;4.4;3.2
55;K;claypit;2.04;Plays;391;/;427;=;91.6%;Wins;114;/;391;=;29.2%;PWR;=;3.8;4.2;3.4;4.3;3.3
56;E;clayroof;1.65;Plays;413;/;430;=;96%;Wins;114;/;413;=;27.6%;PWR;=;3.8;4.2;3.4;4.3;3.3
57;E;headofthefamily;1.50;Plays;319;/;363;=;87.9%;Wins;97;/;319;=;30.4%;PWR;=;3.8;4.2;3.4;4.4;3.2
58;I;churchwarden;2.81;Plays;294;/;340;=;86.5%;Wins;91;/;294;=;31%;PWR;=;3.8;4.2;3.4;4.4;3.2
59;I;milkinghand;3.06;Plays;255;/;363;=;70.2%;Wins;97;/;255;=;38%;PWR;=;3.8;4.2;3.4;4.4;3.2
60;K;loom;2.81;Plays;313;/;397;=;78.8%;Wins;107;/;313;=;34.2%;PWR;=;3.8;4.2;3.4;4.4;3.2
61;K;milkingstool;2.69;Plays;382;/;488;=;78.3%;Wins;130;/;382;=;34%;PWR;=;3.8;4.1;3.5;4.3;3.3
62;E;ridingplow;2.00;Plays;315;/;363;=;86.8%;Wins;96;/;315;=;30.5%;PWR;=;3.8;4.2;3.4;4.4;3.2
63;WM;StoneCurator;3.81;Plays;240;/;396;=;60.6%;Wins;106;/;240;=;44.2%;PWR;=;3.8;4.2;3.4;4.4;3.2
64;WM;Engineer;1.96;Plays;340;/;377;=;90.2%;Wins;100;/;340;=;29.4%;PWR;=;3.8;4.2;3.4;4.4;3.2
34;G5;BabySling;2.71;Plays;188;/;223;=;84.3%;Wins;60;/;188;=;31.9%;PWR;=;3.8;4.3;3.3;4.6;3.0
35;G5;Cloister;3.61;Plays;149;/;223;=;66.8%;Wins;59;/;149;=;39.6%;PWR;=;3.8;4.3;3.3;4.6;3.0
36;G5;CollarandChain;2.92;Plays;197;/;228;=;86.4%;Wins;60;/;197;=;30.5%;PWR;=;3.8;4.3;3.3;4.5;3.1
37;G5;Menagerie;3.31;Plays;178;/;220;=;80.9%;Wins;58;/;178;=;32.6%;PWR;=;3.8;4.3;3.3;4.6;3.0
38;G4;RumDistillery;2.75;Plays;147;/;198;=;74.2%;Wins;53;/;147;=;36.1%;PWR;=;3.8;4.3;3.3;4.6;3.0
39;G5;VegetableVendor;3.51;Plays;160;/;207;=;77.3%;Wins;55;/;160;=;34.4%;PWR;=;3.8;4.3;3.3;4.6;3.0
40;G4;VisitingQuarryman;3.83;Plays;163;/;209;=;78%;Wins;55;/;163;=;33.7%;PWR;=;3.8;4.3;3.3;4.6;3.0
41;G4;Blacksmith;3.67;Plays;150;/;201;=;74.6%;Wins;53;/;150;=;35.3%;PWR;=;3.8;4.3;3.3;4.6;3.0
42;G4;Hewer;3.22;Plays;175;/;221;=;79.2%;Wins;59;/;175;=;33.7%;PWR;=;3.8;4.3;3.3;4.6;3.0
65;WM;CashCrop;3.55;Plays;343;/;409;=;83.9%;Wins;106;/;343;=;30.9%;PWR;=;3.7;4.1;3.3;4.3;3.1
66;FR;EveningPrayer;2.85;Plays;313;/;399;=;78.4%;Wins;103;/;313;=;32.9%;PWR;=;3.7;4.1;3.3;4.3;3.1
67;WM;MountainCave;3.86;Plays;311;/;392;=;79.3%;Wins;101;/;311;=;32.5%;PWR;=;3.7;4.1;3.3;4.3;3.1
68;WM;SlapdashRenovation;3.14;Plays;368;/;406;=;90.6%;Wins;105;/;368;=;28.5%;PWR;=;3.7;4.1;3.3;4.3;3.1
69;E;chiefsdaughter;2.79;Plays;270;/;385;=;70.1%;Wins;99;/;270;=;36.7%;PWR;=;3.7;4.1;3.3;4.3;3.1
70;E;reeve;2.52;Plays;291;/;360;=;80.8%;Wins;94;/;291;=;32.3%;PWR;=;3.7;4.1;3.3;4.3;3.1
71;E;hobbyfarmer;3.52;Plays;326;/;375;=;86.9%;Wins;97;/;326;=;29.8%;PWR;=;3.7;4.1;3.3;4.3;3.1
72;FR;GrainSpeculator;2.73;Plays;292;/;333;=;87.7%;Wins;87;/;292;=;29.8%;PWR;=;3.7;4.1;3.3;4.3;3.1
73;FR;SailboatConstructor;4.10;Plays;267;/;375;=;71.2%;Wins;98;/;267;=;36.7%;PWR;=;3.7;4.1;3.3;4.3;3.1
74;WM;SunriseAdmirer;3.68;Plays;300;/;361;=;83.1%;Wins;93;/;300;=;31%;PWR;=;3.7;4.1;3.3;4.3;3.1
43;G4;Bamboo;3.12;Plays;194;/;249;=;77.9%;Wins;64;/;194;=;33%;PWR;=;3.7;4.2;3.2;4.4;3.0
44;G4;DragonflyPond;2.77;Plays;219;/;237;=;92.4%;Wins;62;/;219;=;28.3%;PWR;=;3.7;4.2;3.2;4.4;3.0
45;G4;Joiner;2.60;Plays;191;/;223;=;85.7%;Wins;58;/;191;=;30.4%;PWR;=;3.7;4.2;3.2;4.5;2.9
46;G5;TreasureHunter;3.84;Plays;140;/;177;=;79.1%;Wins;46;/;140;=;32.9%;PWR;=;3.7;4.3;3.1;4.5;2.9
47;G4;ZooDirector;3.08;Plays;144;/;198;=;72.7%;Wins;51;/;144;=;35.4%;PWR;=;3.7;4.2;3.2;4.5;2.9
48;G4;GrainSeller;2.47;Plays;146;/;182;=;80.2%;Wins;47;/;146;=;32.2%;PWR;=;3.7;4.3;3.1;4.5;2.9
49;G4;LadyoftheManor;3.01;Plays;147;/;187;=;78.6%;Wins;49;/;147;=;33.3%;PWR;=;3.7;4.2;3.2;4.5;2.9
50;G4;Parttimebuilder;2.90;Plays;185;/;218;=;84.9%;Wins;56;/;185;=;30.3%;PWR;=;3.7;4.2;3.2;4.5;2.9
13;BI;Alm;3.88;Plays;44;/;62;=;71%;Wins;16;/;44;=;36.4%;PWR;=;3.7;4.6;2.8;5.1;2.3
14;CZ;cz3bagpiper;4.80;Plays;84;/;100;=;84%;Wins;26;/;84;=;31%;PWR;=;3.7;4.4;3.0;4.8;2.6
15;Z;stumpjumpplow;2.44;Plays;120;/;130;=;92.3%;Wins;34;/;120;=;28.3%;PWR;=;3.7;4.4;3.0;4.7;2.7
75;WM;SteelPlow;2.00;Plays;380;/;424;=;89.6%;Wins;106;/;380;=;27.9%;PWR;=;3.6;4.0;3.2;4.1;3.1
76;WM;VillageSchool;3.67;Plays;309;/;426;=;72.5%;Wins;106;/;309;=;34.3%;PWR;=;3.6;4.0;3.2;4.1;3.1
77;E;hedgekeeper;3.10;Plays;321;/;370;=;86.8%;Wins;94;/;321;=;29.3%;PWR;=;3.6;4.0;3.2;4.2;3.0
78;E;guildmaster;3.15;Plays;271;/;359;=;75.5%;Wins;91;/;271;=;33.6%;PWR;=;3.6;4.0;3.2;4.2;3.0
79;E;landagent;3.40;Plays;321;/;377;=;85.1%;Wins;94;/;321;=;29.3%;PWR;=;3.6;4.0;3.2;4.2;3.0
80;E;reedcollector;2.53;Plays;341;/;399;=;85.5%;Wins;101;/;341;=;29.6%;PWR;=;3.6;4.0;3.2;4.2;3.0
81;E;fieldwarden;2.09;Plays;340;/;392;=;86.7%;Wins;100;/;340;=;29.4%;PWR;=;3.6;4.0;3.2;4.2;3.0
82;I;fishtrap;2.05;Plays;335;/;382;=;87.7%;Wins;96;/;335;=;28.7%;PWR;=;3.6;4.0;3.2;4.2;3.0
83;K;sawhorse;2.70;Plays;380;/;422;=;90%;Wins;107;/;380;=;28.2%;PWR;=;3.6;4.0;3.2;4.1;3.1
84;FR;CountryDoctor;2.14;Plays;273;/;377;=;72.4%;Wins;94;/;273;=;34.4%;PWR;=;3.6;4.0;3.2;4.2;3.0
85;FR;Benefactor;2.64;Plays;279;/;363;=;76.9%;Wins;92;/;279;=;33%;PWR;=;3.6;4.0;3.2;4.2;3.0
51;G5;IronOven;3.67;Plays;155;/;228;=;68%;Wins;57;/;155;=;36.8%;PWR;=;3.6;4.1;3.1;4.3;2.9
52;G5;MayorCandidate2;3.66;Plays;116;/;184;=;63%;Wins;47;/;116;=;40.5%;PWR;=;3.6;4.1;3.1;4.4;2.8
53;G4;SiloBuilder;2.70;Plays;181;/;212;=;85.4%;Wins;54;/;181;=;29.8%;PWR;=;3.6;4.1;3.1;4.4;2.8
16;Z;beerfestival;4.46;Plays;83;/;131;=;63.4%;Wins;33;/;83;=;39.8%;PWR;=;3.6;4.2;3.0;4.6;2.6
17;CZ;cz1governor;1.95;Plays;94;/;102;=;92.2%;Wins;26;/;94;=;27.7%;PWR;=;3.6;4.3;2.9;4.7;2.5
18;Z;golem;2.56;Plays;75;/;96;=;78.1%;Wins;24;/;75;=;32%;PWR;=;3.6;4.4;2.8;4.7;2.5
86;FR;GoldenRose;3.53;Plays;293;/;395;=;74.2%;Wins;97;/;293;=;33.1%;PWR;=;3.5;3.9;3.1;4.1;2.9
87;FR;GroundPickaxePlow;2.67;Plays;328;/;366;=;89.6%;Wins;91;/;328;=;27.7%;PWR;=;3.5;3.9;3.1;4.1;2.9
88;FR;ParkCemetery;3.94;Plays;307;/;382;=;80.4%;Wins;95;/;307;=;30.9%;PWR;=;3.5;3.9;3.1;4.1;2.9
89;K;broom;2.40;Plays;323;/;380;=;85%;Wins;92;/;323;=;28.5%;PWR;=;3.5;3.9;3.1;4.1;2.9
90;K;housesteward;3.10;Plays;319;/;398;=;80.2%;Wins;97;/;319;=;30.4%;PWR;=;3.5;3.9;3.1;4.1;2.9
91;K;cattlebreeder;4.46;Plays;274;/;392;=;69.9%;Wins;97;/;274;=;35.4%;PWR;=;3.5;3.9;3.1;4.1;2.9
92;K;sleepingcorner;1.99;Plays;306;/;418;=;73.2%;Wins;103;/;306;=;33.7%;PWR;=;3.5;3.9;3.1;4.0;3.0
93;K;swingplow;2.24;Plays;370;/;429;=;86.2%;Wins;105;/;370;=;28.4%;PWR;=;3.5;3.9;3.1;4.0;3.0
94;FR;LandscapeGardener;3.09;Plays;279;/;351;=;79.5%;Wins;87;/;279;=;31.2%;PWR;=;3.5;3.9;3.1;4.1;2.9
95;WM;LivestockKeeper;3.76;Plays;264;/;360;=;73.3%;Wins;89;/;264;=;33.7%;PWR;=;3.5;3.9;3.1;4.1;2.9
96;WM;SiloGirl;3.22;Plays;246;/;380;=;64.7%;Wins;93;/;246;=;37.8%;PWR;=;3.5;3.9;3.1;4.1;2.9
97;FR;VillageDruid;3.95;Plays;287;/;409;=;70.2%;Wins;101;/;287;=;35.2%;PWR;=;3.5;3.9;3.1;4.1;2.9
54;G4;Bookmark;3.14;Plays;186;/;238;=;78.2%;Wins;58;/;186;=;31.2%;PWR;=;3.5;4.0;3.0;4.2;2.8
55;G5;DollysMother;3.16;Plays;163;/;200;=;81.5%;Wins;49;/;163;=;30.1%;PWR;=;3.5;4.0;3.0;4.3;2.7
56;G4;GuildHall;2.78;Plays;157;/;200;=;78.5%;Wins;49;/;157;=;31.2%;PWR;=;3.5;4.0;3.0;4.3;2.7
57;G4;TreasureMap;2.38;Plays;207;/;268;=;77.2%;Wins;66;/;207;=;31.9%;PWR;=;3.5;4.0;3.0;4.2;2.8
58;G4;Cheapskate;4.36;Plays;160;/;199;=;80.4%;Wins;49;/;160;=;30.6%;PWR;=;3.5;4.0;3.0;4.3;2.7
59;G5;ResourceDealer;3.23;Plays;175;/;219;=;79.9%;Wins;54;/;175;=;30.9%;PWR;=;3.5;4.0;3.0;4.3;2.7
60;G5;Omnifarmer;3.61;Plays;147;/;209;=;70.3%;Wins;51;/;147;=;34.7%;PWR;=;3.5;4.0;3.0;4.3;2.7
19;BI;SparrenCastle;4.05;Plays;38;/;66;=;57.6%;Wins;16;/;38;=;42.1%;PWR;=;3.5;4.4;2.6;4.9;2.1
20;PI;Professor;2.21;Plays;85;/;97;=;87.6%;Wins;24;/;85;=;28.2%;PWR;=;3.5;4.3;2.7;4.6;2.4
98;FR;CoffeeBreak;4.29;Plays;280;/;404;=;69.3%;Wins;95;/;280;=;33.9%;PWR;=;3.4;3.8;3.0;4.0;2.8
99;WM;Donkey;2.37;Plays;314;/;374;=;84%;Wins;90;/;314;=;28.7%;PWR;=;3.4;3.8;3.0;4.0;2.8
100;I;claypath;3.88;Plays;268;/;387;=;69.3%;Wins;92;/;268;=;34.3%;PWR;=;3.4;3.8;3.0;4.0;2.8
101;K;cornsheaf;4.89;Plays;311;/;408;=;76.2%;Wins;96;/;311;=;30.9%;PWR;=;3.4;3.8;3.0;4.0;2.8
102;E;tutor;2.54;Plays;365;/;391;=;93.4%;Wins;93;/;365;=;25.5%;PWR;=;3.4;3.8;3.0;4.0;2.8
103;I;farmsteward;1.38;Plays;355;/;392;=;90.6%;Wins;92;/;355;=;25.9%;PWR;=;3.4;3.8;3.0;4.0;2.8
104;E;minipasture;3.49;Plays;356;/;419;=;85%;Wins;100;/;356;=;28.1%;PWR;=;3.4;3.8;3.0;3.9;2.9
105;E;privateforest;3.19;Plays;322;/;394;=;81.7%;Wins;94;/;322;=;29.2%;PWR;=;3.4;3.8;3.0;4.0;2.8
106;WM;FenceDealer;3.67;Plays;299;/;379;=;78.9%;Wins;90;/;299;=;30.1%;PWR;=;3.4;3.8;3.0;4.0;2.8
107;WM;Politician;4.03;Plays;226;/;337;=;67.1%;Wins;79;/;226;=;35%;PWR;=;3.4;3.8;3.0;4.0;2.8
61;G5;ArtichokeField;4.09;Plays;169;/;229;=;73.8%;Wins;54;/;169;=;32%;PWR;=;3.4;3.9;2.9;4.1;2.7
62;G5;SnackTime;5.31;Plays;103;/;168;=;61.3%;Wins;40;/;103;=;38.8%;PWR;=;3.4;4.0;2.8;4.3;2.5
63;G5;BakersServant;2.81;Plays;159;/;212;=;75%;Wins;51;/;159;=;32.1%;PWR;=;3.4;3.9;2.9;4.2;2.6
108;FR;AmusementPark;4.21;Plays;265;/;379;=;69.9%;Wins;87;/;265;=;32.8%;PWR;=;3.3;3.7;2.9;3.9;2.7
109;WM;Cookies;3.74;Plays;313;/;412;=;76%;Wins;94;/;313;=;30%;PWR;=;3.3;3.7;2.9;3.9;2.7
110;FR;SundaySchool;3.93;Plays;277;/;376;=;73.7%;Wins;86;/;277;=;31%;PWR;=;3.3;3.7;2.9;3.9;2.7
111;I;chickencoop;3.03;Plays;369;/;435;=;84.8%;Wins;100;/;369;=;27.1%;PWR;=;3.3;3.7;2.9;3.8;2.8
112;K;storehousekeeper;3.48;Plays;312;/;421;=;74.1%;Wins;97;/;312;=;31.1%;PWR;=;3.3;3.7;2.9;3.8;2.8
113;WM;BargainingBaker;2.05;Plays;357;/;400;=;89.3%;Wins;91;/;357;=;25.5%;PWR;=;3.3;3.7;2.9;3.9;2.7
114;FR;ConvictNumber24601;4.48;Plays;196;/;336;=;58.3%;Wins;78;/;196;=;39.8%;PWR;=;3.3;3.7;2.9;3.9;2.7
115;FR;FencingMaster;2.66;Plays;343;/;372;=;92.2%;Wins;86;/;343;=;25.1%;PWR;=;3.3;3.7;2.9;3.9;2.7
64;G4;GuestRoom;1.78;Plays;159;/;211;=;75.4%;Wins;49;/;159;=;30.8%;PWR;=;3.3;3.8;2.8;4.1;2.5
65;G4;MuddyLand;3.85;Plays;178;/;226;=;78.8%;Wins;52;/;178;=;29.2%;PWR;=;3.3;3.8;2.8;4.0;2.6
66;G4;Pickler;3.46;Plays;183;/;233;=;78.5%;Wins;53;/;183;=;29%;PWR;=;3.3;3.8;2.8;4.0;2.6
67;G4;HillBandit;3.10;Plays;156;/;207;=;75.4%;Wins;48;/;156;=;30.8%;PWR;=;3.3;3.8;2.8;4.1;2.5
21;PI;MasterCarpenter;3.49;Plays;57;/;87;=;65.5%;Wins;20;/;57;=;35.1%;PWR;=;3.3;4.1;2.5;4.5;2.1
116;WM;BackyardWell;3.67;Plays;281;/;375;=;74.9%;Wins;83;/;281;=;29.5%;PWR;=;3.2;3.6;2.8;3.8;2.6
117;WM;BoundaryStones;4.54;Plays;262;/;420;=;62.4%;Wins;93;/;262;=;35.5%;PWR;=;3.2;3.6;2.8;3.7;2.7
118;WM;LampOil;4.32;Plays;243;/;368;=;66%;Wins;83;/;243;=;34.2%;PWR;=;3.2;3.6;2.8;3.8;2.6
119;WM;StorageShed;4.07;Plays;283;/;423;=;66.9%;Wins;96;/;283;=;33.9%;PWR;=;3.2;3.6;2.8;3.7;2.7
120;FR;ThreshingMachinePlow;3.49;Plays;304;/;394;=;77.2%;Wins;88;/;304;=;28.9%;PWR;=;3.2;3.6;2.8;3.8;2.6
121;E;clogs;3.59;Plays;320;/;400;=;80%;Wins;90;/;320;=;28.1%;PWR;=;3.2;3.6;2.8;3.8;2.6
122;E;dovecote;3.46;Plays;339;/;430;=;78.8%;Wins;95;/;339;=;28%;PWR;=;3.2;3.6;2.8;3.7;2.7
123;K;granary;3.94;Plays;315;/;431;=;73.1%;Wins;96;/;315;=;30.5%;PWR;=;3.2;3.6;2.8;3.7;2.7
124;K;horse;4.70;Plays;291;/;421;=;69.1%;Wins;94;/;291;=;32.3%;PWR;=;3.2;3.6;2.8;3.7;2.7
125;I;villageelder;2.77;Plays;313;/;381;=;82.2%;Wins;86;/;313;=;27.5%;PWR;=;3.2;3.6;2.8;3.8;2.6
126;K;constable;2.55;Plays;278;/;397;=;70%;Wins;88;/;278;=;31.7%;PWR;=;3.2;3.6;2.8;3.8;2.6
127;K;oxteam;3.16;Plays;281;/;444;=;63.3%;Wins;99;/;281;=;35.2%;PWR;=;3.2;3.6;2.8;3.7;2.7
128;I;rake;4.01;Plays;266;/;400;=;66.5%;Wins;91;/;266;=;34.2%;PWR;=;3.2;3.6;2.8;3.8;2.6
129;I;strawberrypatch;3.49;Plays;240;/;393;=;61.1%;Wins;89;/;240;=;37.1%;PWR;=;3.2;3.6;2.8;3.8;2.6
130;I;woodenpath;4.61;Plays;282;/;390;=;72.3%;Wins;88;/;282;=;31.2%;PWR;=;3.2;3.6;2.8;3.8;2.6
131;WM;CropRotator;4.34;Plays;267;/;393;=;67.9%;Wins;87;/;267;=;32.6%;PWR;=;3.2;3.6;2.8;3.8;2.6
132;FR;Trailblazer;3.63;Plays;270;/;369;=;73.2%;Wins;82;/;270;=;30.4%;PWR;=;3.2;3.6;2.8;3.8;2.6
133;WM;Diplomat;4.20;Plays;254;/;363;=;70%;Wins;80;/;254;=;31.5%;PWR;=;3.2;3.6;2.8;3.8;2.6
68;G4;CowChips;4.54;Plays;123;/;213;=;57.7%;Wins;48;/;123;=;39%;PWR;=;3.2;3.7;2.7;4.0;2.4
69;G5;OxGoad;3.74;Plays;149;/;212;=;70.3%;Wins;47;/;149;=;31.5%;PWR;=;3.2;3.7;2.7;4.0;2.4
70;G5;RopeFences;2.67;Plays;172;/;204;=;84.3%;Wins;45;/;172;=;26.2%;PWR;=;3.2;3.7;2.7;4.0;2.4
71;G5;InventoryManager;4.11;Plays;149;/;205;=;72.7%;Wins;46;/;149;=;30.9%;PWR;=;3.2;3.7;2.7;4.0;2.4
22;BI;Spielwiese;3.83;Plays;36;/;49;=;73.5%;Wins;11;/;36;=;30.6%;PWR;=;3.2;4.3;2.1;4.8;1.6
134;FR;Orchard;4.73;Plays;225;/;393;=;57.3%;Wins;86;/;225;=;38.2%;PWR;=;3.1;3.5;2.7;3.7;2.5
135;I;claydeposit;4.33;Plays;279;/;400;=;69.8%;Wins;86;/;279;=;30.8%;PWR;=;3.1;3.5;2.7;3.7;2.5
136;I;socialclimber;3.24;Plays;292;/;414;=;70.5%;Wins;90;/;292;=;30.8%;PWR;=;3.1;3.5;2.7;3.7;2.5
137;I;spinney;2.79;Plays;368;/;446;=;82.5%;Wins;96;/;368;=;26.1%;PWR;=;3.1;3.5;2.7;3.6;2.6
138;E;turnwrestplow;2.87;Plays;358;/;431;=;83.1%;Wins;94;/;358;=;26.3%;PWR;=;3.1;3.5;2.7;3.6;2.6
139;WM;FarmSchoolGraduate;3.50;Plays;193;/;376;=;51.3%;Wins;82;/;193;=;42.5%;PWR;=;3.1;3.5;2.7;3.7;2.5
72;G5;Apiary;2.54;Plays;157;/;200;=;78.5%;Wins;44;/;157;=;28%;PWR;=;3.1;3.6;2.6;3.9;2.3
73;G4;ChildsToy;4.37;Plays;157;/;211;=;74.4%;Wins;45;/;157;=;28.7%;PWR;=;3.1;3.6;2.6;3.9;2.3
74;G4;Meadow;4.32;Plays;133;/;206;=;64.6%;Wins;44;/;133;=;33.1%;PWR;=;3.1;3.6;2.6;3.9;2.3
75;G5;Parchment;4.13;Plays;113;/;202;=;55.9%;Wins;44;/;113;=;38.9%;PWR;=;3.1;3.6;2.6;3.9;2.3
23;Z;5yearplan;3.59;Plays;35;/;65;=;53.8%;Wins;14;/;35;=;40%;PWR;=;3.1;4.0;2.2;4.5;1.7
24;PI;Spars;3.42;Plays;57;/;92;=;62%;Wins;20;/;57;=;35.1%;PWR;=;3.1;3.9;2.3;4.3;1.9
25;Z;ranch;2.90;Plays;85;/;138;=;61.6%;Wins;30;/;85;=;35.3%;PWR;=;3.1;3.7;2.5;4.1;2.1
26;BI;InstituteFounder;5.97;Plays;23;/;55;=;41.8%;Wins;12;/;23;=;52.2%;PWR;=;3.1;4.1;2.1;4.6;1.6
27;Z;seedtracer;4.29;Plays;38;/;65;=;58.5%;Wins;14;/;38;=;36.8%;PWR;=;3.1;4.0;2.2;4.5;1.7
28;Z;danceinstructor;3.67;Plays;72;/;110;=;65.5%;Wins;24;/;72;=;33.3%;PWR;=;3.1;3.8;2.4;4.2;2.0
140;WM;FlowerPots;3.15;Plays;336;/;422;=;79.6%;Wins;90;/;336;=;26.8%;PWR;=;3.0;3.4;2.6;3.5;2.5
141;WM;Fruitcake;4.49;Plays;234;/;383;=;61.1%;Wins;81;/;234;=;34.6%;PWR;=;3.0;3.4;2.6;3.6;2.4
142;FR;TuileriesGarden;3.47;Plays;211;/;365;=;57.8%;Wins;76;/;211;=;36%;PWR;=;3.0;3.4;2.6;3.6;2.4
143;E;claysupports;2.34;Plays;279;/;389;=;71.7%;Wins;83;/;279;=;29.7%;PWR;=;3.0;3.4;2.6;3.6;2.4
144;E;stonecutter;2.66;Plays;267;/;372;=;71.8%;Wins;77;/;267;=;28.8%;PWR;=;3.0;3.4;2.6;3.6;2.4
145;WM;BeeKeeper;4.60;Plays;255;/;375;=;68%;Wins;79;/;255;=;31%;PWR;=;3.0;3.4;2.6;3.6;2.4
146;WM;FoodConnoisseur;3.23;Plays;293;/;358;=;81.8%;Wins;75;/;293;=;25.6%;PWR;=;3.0;3.4;2.6;3.6;2.4
147;FR;Harvester;2.81;Plays;293;/;355;=;82.5%;Wins;75;/;293;=;25.6%;PWR;=;3.0;3.4;2.6;3.6;2.4
148;WM;Heiress;3.08;Plays;246;/;369;=;66.7%;Wins;78;/;246;=;31.7%;PWR;=;3.0;3.4;2.6;3.6;2.4
149;WM;Remodeler;2.55;Plays;312;/;372;=;83.9%;Wins;79;/;312;=;25.3%;PWR;=;3.0;3.4;2.6;3.6;2.4
150;WM;HumbleFarmboy;4.07;Plays;256;/;376;=;68.1%;Wins;79;/;256;=;30.9%;PWR;=;3.0;3.4;2.6;3.6;2.4
151;WM;WheelbarrowPusher;3.22;Plays;298;/;387;=;77%;Wins;81;/;298;=;27.2%;PWR;=;3.0;3.4;2.6;3.6;2.4
152;FR;CattleDealer;3.23;Plays;314;/;389;=;80.7%;Wins;83;/;314;=;26.4%;PWR;=;3.0;3.4;2.6;3.6;2.4
153;FR;WealthiestEuropean;4.19;Plays;187;/;362;=;51.7%;Wins;75;/;187;=;40.1%;PWR;=;3.0;3.4;2.6;3.6;2.4
76;G5;Carrots;4.52;Plays;114;/;192;=;59.4%;Wins;40;/;114;=;35.1%;PWR;=;3.0;3.5;2.5;3.8;2.2
77;G5;GrainBag;3.82;Plays;159;/;235;=;67.7%;Wins;49;/;159;=;30.8%;PWR;=;3.0;3.5;2.5;3.7;2.3
78;G4;PrizedSquash;4.02;Plays;119;/;213;=;55.9%;Wins;44;/;119;=;37%;PWR;=;3.0;3.5;2.5;3.8;2.2
79;G4;PublicForest;3.74;Plays;153;/;210;=;72.9%;Wins;44;/;153;=;28.8%;PWR;=;3.0;3.5;2.5;3.8;2.2
80;G4;SpareFencePosts;4.22;Plays;170;/;208;=;81.7%;Wins;44;/;170;=;25.9%;PWR;=;3.0;3.5;2.5;3.8;2.2
81;G4;DeliveryMan;3.61;Plays;148;/;184;=;80.4%;Wins;38;/;148;=;25.7%;PWR;=;3.0;3.5;2.5;3.8;2.2
82;G4;DiligentFarmer;3.02;Plays;121;/;219;=;55.3%;Wins;46;/;121;=;38%;PWR;=;3.0;3.5;2.5;3.8;2.2
83;G5;Scrounger;3.84;Plays;161;/;202;=;79.7%;Wins;43;/;161;=;26.7%;PWR;=;3.0;3.5;2.5;3.8;2.2
29;Z;familyportrait;4.10;Plays;61;/;101;=;60.4%;Wins;21;/;61;=;34.4%;PWR;=;3.0;3.7;2.3;4.1;1.9
30;Z;giantpumpkin;4.26;Plays;75;/;110;=;68.2%;Wins;23;/;75;=;30.7%;PWR;=;3.0;3.7;2.3;4.1;1.9
154;FR;FiveRings;2.79;Plays;308;/;368;=;83.7%;Wins;75;/;308;=;24.4%;PWR;=;2.9;3.3;2.5;3.5;2.3
155;FR;Grotto;2.88;Plays;286;/;375;=;76.3%;Wins;75;/;286;=;26.2%;PWR;=;2.9;3.3;2.5;3.5;2.3
156;K;clayhutextension;2.25;Plays;324;/;412;=;78.6%;Wins;84;/;324;=;25.9%;PWR;=;2.9;3.3;2.5;3.5;2.3
157;E;plowmaker;3.83;Plays;278;/;375;=;74.1%;Wins;75;/;278;=;27%;PWR;=;2.9;3.3;2.5;3.5;2.3
158;I;layabout;5.04;Plays;247;/;424;=;58.3%;Wins;86;/;247;=;34.8%;PWR;=;2.9;3.3;2.5;3.4;2.4
159;K;scholar;2.63;Plays;275;/;403;=;68.2%;Wins;83;/;275;=;30.2%;PWR;=;2.9;3.3;2.5;3.5;2.3
160;K;seedseller;3.77;Plays;340;/;432;=;78.7%;Wins;88;/;340;=;25.9%;PWR;=;2.9;3.3;2.5;3.4;2.4
161;I;woodcart;3.17;Plays;315;/;435;=;72.4%;Wins;87;/;315;=;27.6%;PWR;=;2.9;3.3;2.5;3.4;2.4
162;WM;Hoarder;3.30;Plays;289;/;380;=;76.1%;Wins;77;/;289;=;26.6%;PWR;=;2.9;3.3;2.5;3.5;2.3
163;WM;LadyinWaiting;1.42;Plays;360;/;372;=;96.8%;Wins;76;/;360;=;21.1%;PWR;=;2.9;3.3;2.5;3.5;2.3
84;G5;AlchemistsLab;4.00;Plays;158;/;231;=;68.4%;Wins;47;/;158;=;29.7%;PWR;=;2.9;3.4;2.4;3.6;2.2
85;G5;CookPot;4.73;Plays;141;/;218;=;64.7%;Wins;44;/;141;=;31.2%;PWR;=;2.9;3.4;2.4;3.7;2.1
86;G5;Foraging;5.29;Plays;101;/;224;=;45.1%;Wins;45;/;101;=;44.6%;PWR;=;2.9;3.4;2.4;3.6;2.2
87;G4;StoneChimney;3.59;Plays;110;/;200;=;55%;Wins;41;/;110;=;37.3%;PWR;=;2.9;3.4;2.4;3.7;2.1
88;G5;CoalInvestor;3.52;Plays;146;/;195;=;74.9%;Wins;39;/;146;=;26.7%;PWR;=;2.9;3.4;2.4;3.7;2.1
89;G5;GardenersWife;4.63;Plays;130;/;212;=;61.3%;Wins;43;/;130;=;33.1%;PWR;=;2.9;3.4;2.4;3.7;2.1
90;G4;OrganisedHandyman;4.12;Plays;129;/;204;=;63.2%;Wins;41;/;129;=;31.8%;PWR;=;2.9;3.4;2.4;3.7;2.1
91;G5;Vinedresser;4.03;Plays;130;/;207;=;62.8%;Wins;42;/;130;=;32.3%;PWR;=;2.9;3.4;2.4;3.7;2.1
31;Z;hungerwall;4.00;Plays;66;/;98;=;67.3%;Wins;20;/;66;=;30.3%;PWR;=;2.9;3.7;2.1;4.0;1.8
32;Z;school;3.56;Plays;63;/;90;=;70%;Wins;18;/;63;=;28.6%;PWR;=;2.9;3.7;2.1;4.1;1.7
164;WM;BuriedTreasure;4.34;Plays;270;/;371;=;72.8%;Wins;74;/;270;=;27.4%;PWR;=;2.8;3.2;2.4;3.4;2.2
165;FR;Sofa;4.53;Plays;191;/;401;=;47.6%;Wins;79;/;191;=;41.4%;PWR;=;2.8;3.2;2.4;3.4;2.2
166;I;flagon;4.70;Plays;274;/;382;=;71.7%;Wins;74;/;274;=;27%;PWR;=;2.8;3.2;2.4;3.4;2.2
167;K;pieceworker;3.96;Plays;242;/;348;=;69.5%;Wins;69;/;242;=;28.5%;PWR;=;2.8;3.2;2.4;3.4;2.2
168;K;wooddeliveryman;4.28;Plays;265;/;422;=;62.8%;Wins;82;/;264;=;31.1%;PWR;=;2.8;3.2;2.4;3.3;2.3
169;WM;ForestFarmer;3.86;Plays;296;/;376;=;78.7%;Wins;75;/;296;=;25.3%;PWR;=;2.8;3.2;2.4;3.4;2.2
170;WM;MasterStableman;3.60;Plays;236;/;345;=;68.4%;Wins;67;/;236;=;28.4%;PWR;=;2.8;3.2;2.4;3.4;2.2
171;FR;CatLover;3.17;Plays;245;/;370;=;66.2%;Wins;72;/;245;=;29.4%;PWR;=;2.8;3.2;2.4;3.4;2.2
172;FR;Workaholic;3.68;Plays;238;/;357;=;66.7%;Wins;70;/;238;=;29.4%;PWR;=;2.8;3.2;2.4;3.4;2.2
92;G5;CostermongersBarrow;3.98;Plays;101;/;180;=;56.1%;Wins;35;/;101;=;34.7%;PWR;=;2.8;3.4;2.2;3.6;2.0
93;G5;FarmStable;4.00;Plays;160;/;216;=;74.1%;Wins;43;/;160;=;26.9%;PWR;=;2.8;3.3;2.3;3.6;2.0
94;G5;FarmersStrawHat;4.41;Plays;126;/;233;=;54.1%;Wins;46;/;126;=;36.5%;PWR;=;2.8;3.3;2.3;3.5;2.1
95;G4;LargeSunhat;3.27;Plays;163;/;220;=;74.1%;Wins;43;/;163;=;26.4%;PWR;=;2.8;3.3;2.3;3.6;2.0
96;G4;Machete;4.33;Plays;139;/;217;=;64.1%;Wins;42;/;139;=;30.2%;PWR;=;2.8;3.3;2.3;3.6;2.0
97;G5;StoneWeir;3.25;Plays;167;/;225;=;74.2%;Wins;44;/;167;=;26.3%;PWR;=;2.8;3.3;2.3;3.5;2.1
98;G5;Upholstery;4.82;Plays;152;/;236;=;64.4%;Wins;47;/;152;=;30.9%;PWR;=;2.8;3.3;2.3;3.5;2.1
99;G5;Haberdasher;4.88;Plays;104;/;192;=;54.2%;Wins;37;/;104;=;35.6%;PWR;=;2.8;3.3;2.3;3.6;2.0
100;G4;Peon;4.14;Plays;121;/;181;=;66.9%;Wins;35;/;121;=;28.9%;PWR;=;2.8;3.4;2.2;3.6;2.0
101;G5;PrudentMerchant;4.62;Plays;122;/;198;=;61.6%;Wins;39;/;122;=;32%;PWR;=;2.8;3.3;2.3;3.6;2.0
102;G4;VeggieLover;3.63;Plays;126;/;193;=;65.3%;Wins;38;/;126;=;30.2%;PWR;=;2.8;3.3;2.3;3.6;2.0
33;PI;MeetingPost;4.25;Plays;51;/;72;=;70.8%;Wins;14;/;51;=;27.5%;PWR;=;2.8;3.7;1.9;4.1;1.5
34;O;magnate;4.95;Plays;45;/;92;=;48.9%;Wins;18;/;45;=;40%;PWR;=;2.8;3.6;2.0;4.0;1.6
173;E;thatcher;3.71;Plays;267;/;396;=;67.4%;Wins;74;/;267;=;27.7%;PWR;=;2.7;3.1;2.3;3.3;2.1
174;K;herbgarden;4.29;Plays;257;/;400;=;64.3%;Wins;76;/;256;=;29.7%;PWR;=;2.7;3.1;2.3;3.3;2.1
175;K;plowman;3.83;Plays;303;/;429;=;70.6%;Wins;82;/;302;=;27.2%;PWR;=;2.7;3.1;2.3;3.2;2.2
176;K;magician;3.02;Plays;309;/;382;=;80.9%;Wins;73;/;309;=;23.6%;PWR;=;2.7;3.1;2.3;3.3;2.1
177;E;simplefireplace;3.84;Plays;305;/;379;=;80.5%;Wins;71;/;305;=;23.3%;PWR;=;2.7;3.1;2.3;3.3;2.1
178;I;strawthatchedroof;3.76;Plays;206;/;403;=;51.1%;Wins;77;/;206;=;37.4%;PWR;=;2.7;3.1;2.3;3.3;2.1
179;WM;MasterCook;4.04;Plays;238;/;362;=;65.7%;Wins;68;/;238;=;28.6%;PWR;=;2.7;3.1;2.3;3.3;2.1
180;WM;SundayWorker;4.26;Plays;255;/;373;=;68.4%;Wins;70;/;255;=;27.5%;PWR;=;2.7;3.1;2.3;3.3;2.1
103;G4;Carpet;3.14;Plays;112;/;190;=;58.9%;Wins;36;/;112;=;32.1%;PWR;=;2.7;3.2;2.2;3.5;1.9
104;G5;CherryOrchard;4.60;Plays;125;/;182;=;68.7%;Wins;35;/;125;=;28%;PWR;=;2.7;3.3;2.1;3.5;1.9
105;G5;HeavyPlow;3.97;Plays;100;/;205;=;48.8%;Wins;39;/;100;=;39%;PWR;=;2.7;3.2;2.2;3.5;1.9
106;G4;PiggyBank;3.60;Plays;144;/;205;=;70.2%;Wins;39;/;144;=;27.1%;PWR;=;2.7;3.2;2.2;3.5;1.9
107;G5;ProbioticFood;4.76;Plays;132;/;217;=;60.8%;Wins;41;/;132;=;31.1%;PWR;=;2.7;3.2;2.2;3.5;1.9
108;G5;Seal;4.24;Plays;155;/;230;=;67.4%;Wins;44;/;155;=;28.4%;PWR;=;2.7;3.2;2.2;3.4;2.0
109;G5;SleightofHand;4.85;Plays;137;/;225;=;60.9%;Wins;42;/;137;=;30.7%;PWR;=;2.7;3.2;2.2;3.4;2.0
110;G5;TwibilandTwivel;3.75;Plays;152;/;200;=;76%;Wins;38;/;152;=;25%;PWR;=;2.7;3.2;2.2;3.5;1.9
111;G4;WorkingGloves;4.37;Plays;137;/;191;=;71.7%;Wins;36;/;137;=;26.3%;PWR;=;2.7;3.2;2.2;3.5;1.9
112;G4;MerchantPlowman;3.87;Plays;128;/;185;=;69.2%;Wins;35;/;128;=;27.3%;PWR;=;2.7;3.2;2.2;3.5;1.9
113;G5;ResourceGatherer;4.43;Plays;91;/;183;=;49.7%;Wins;34;/;91;=;37.4%;PWR;=;2.7;3.2;2.2;3.5;1.9
114;G4;ChampionBreeder;2.53;Plays;132;/;194;=;68%;Wins;37;/;132;=;28%;PWR;=;2.7;3.2;2.2;3.5;1.9
115;G5;StoneSculptor;3.00;Plays;169;/;216;=;78.2%;Wins;41;/;169;=;24.3%;PWR;=;2.7;3.2;2.2;3.5;1.9
35;BI;WoodenButtons;4.78;Plays;30;/;70;=;42.9%;Wins;13;/;30;=;43.3%;PWR;=;2.7;3.6;1.8;4.0;1.4
36;CZ;cz4bureaucrat;3.27;Plays;62;/;91;=;68.1%;Wins;17;/;62;=;27.4%;PWR;=;2.7;3.5;1.9;3.9;1.5
181;WM;ClockworkMan;4.27;Plays;273;/;423;=;64.5%;Wins;77;/;273;=;28.2%;PWR;=;2.6;3.0;2.2;3.1;2.1
182;WM;OakCask;4.91;Plays;262;/;429;=;61.1%;Wins;79;/;262;=;30.2%;PWR;=;2.6;3.0;2.2;3.1;2.1
183;WM;PigWallow;4.59;Plays;218;/;365;=;59.7%;Wins;66;/;218;=;30.3%;PWR;=;2.6;3.0;2.2;3.2;2.0
184;FR;StoneHouseReconstruc;4.02;Plays;256;/;369;=;69.4%;Wins;68;/;256;=;26.6%;PWR;=;2.6;3.0;2.2;3.2;2.0
185;E;carpenter;3.84;Plays;290;/;407;=;71.3%;Wins;74;/;290;=;25.5%;PWR;=;2.6;3.0;2.2;3.2;2.0
186;E;stockman;4.38;Plays;224;/;385;=;58.2%;Wins;71;/;224;=;31.7%;PWR;=;2.6;3.0;2.2;3.2;2.0
187;E;halftimberedhouse;3.49;Plays;187;/;396;=;47.2%;Wins;73;/;187;=;39%;PWR;=;2.6;3.0;2.2;3.2;2.0
188;K;adoptiveparents;5.13;Plays;211;/;388;=;54.4%;Wins;71;/;210;=;33.8%;PWR;=;2.6;3.0;2.2;3.2;2.0
189;K;resourceseller;3.64;Plays;290;/;354;=;81.9%;Wins;65;/;290;=;22.4%;PWR;=;2.6;3.0;2.2;3.2;2.0
190;K;landingnet;2.30;Plays;329;/;416;=;79.1%;Wins;76;/;329;=;23.1%;PWR;=;2.6;3.0;2.2;3.1;2.1
191;K;lumber;5.07;Plays;267;/;405;=;65.9%;Wins;73;/;267;=;27.3%;PWR;=;2.6;3.0;2.2;3.2;2.0
192;E;writingdesk;2.82;Plays;354;/;437;=;81%;Wins;81;/;354;=;22.9%;PWR;=;2.6;3.0;2.2;3.1;2.1
193;FR;CowboyAndMother;3.75;Plays;232;/;373;=;62.2%;Wins;69;/;232;=;29.7%;PWR;=;2.6;3.0;2.2;3.2;2.0
194;FR;Miser;3.98;Plays;207;/;353;=;58.6%;Wins;64;/;207;=;30.9%;PWR;=;2.6;3.0;2.2;3.2;2.0
116;G5;CropRotationField;4.48;Plays;150;/;209;=;71.8%;Wins;38;/;150;=;25.3%;PWR;=;2.6;3.1;2.1;3.4;1.8
117;G4;Whistle;4.73;Plays;114;/;211;=;54%;Wins;38;/;114;=;33.3%;PWR;=;2.6;3.1;2.1;3.4;1.8
118;G5;Shearer;3.77;Plays;143;/;216;=;66.2%;Wins;40;/;143;=;28%;PWR;=;2.6;3.1;2.1;3.4;1.8
119;G5;ZipperMaker;4.74;Plays;89;/;193;=;46.1%;Wins;35;/;89;=;39.3%;PWR;=;2.6;3.1;2.1;3.4;1.8
37;PI;LandscapeDesign;4.05;Plays;71;/;101;=;70.3%;Wins;18;/;71;=;25.4%;PWR;=;2.6;3.3;1.9;3.7;1.5
38;PI;ShelterintheField;2.90;Plays;53;/;83;=;63.9%;Wins;15;/;53;=;28.3%;PWR;=;2.6;3.4;1.8;3.8;1.4
39;CZ;cz1hero;3.24;Plays;98;/;137;=;71.5%;Wins;25;/;98;=;25.5%;PWR;=;2.6;3.2;2.0;3.6;1.6
40;Z;hopfield;4.26;Plays;54;/;109;=;49.5%;Wins;20;/;54;=;37%;PWR;=;2.6;3.3;1.9;3.7;1.5
195;FR;Brickyard;4.26;Plays;225;/;387;=;58.1%;Wins;68;/;225;=;30.2%;PWR;=;2.5;2.9;2.1;3.1;1.9
196;WM;DrainedPond;3.85;Plays;260;/;353;=;73.7%;Wins;62;/;260;=;23.8%;PWR;=;2.5;2.9;2.1;3.1;1.9
197;FR;EncirclingWall;4.88;Plays;183;/;365;=;50.1%;Wins;63;/;183;=;34.4%;PWR;=;2.5;2.9;2.1;3.1;1.9
198;FR;FlatHill;4.40;Plays;185;/;373;=;49.6%;Wins;65;/;185;=;35.1%;PWR;=;2.5;2.9;2.1;3.1;1.9
199;K;crookedplow;3.47;Plays;307;/;404;=;76%;Wins;70;/;307;=;22.8%;PWR;=;2.5;2.9;2.1;3.1;1.9
200;E;conservator;3.88;Plays;266;/;388;=;68.6%;Wins;69;/;266;=;25.9%;PWR;=;2.5;2.9;2.1;3.1;1.9
201;E;seasonalworker;2.79;Plays;320;/;426;=;75.1%;Wins;74;/;320;=;23.1%;PWR;=;2.5;2.9;2.1;3.0;2.0
202;I;clayhutbuilder;4.59;Plays;239;/;410;=;58.3%;Wins;72;/;239;=;30.1%;PWR;=;2.5;2.9;2.1;3.1;1.9
203;I;fencedeliveryman;3.56;Plays;264;/;365;=;72.3%;Wins;64;/;264;=;24.2%;PWR;=;2.5;2.9;2.1;3.1;1.9
204;K;fenceoverseer;2.42;Plays;345;/;399;=;86.5%;Wins;71;/;345;=;20.6%;PWR;=;2.5;2.9;2.1;3.1;1.9
205;K;manufacturer;3.87;Plays;273;/;429;=;63.6%;Wins;74;/;272;=;27.2%;PWR;=;2.5;2.9;2.1;3.0;2.0
206;WM;HillFarmer;2.97;Plays;315;/;381;=;82.7%;Wins;67;/;315;=;21.3%;PWR;=;2.5;2.9;2.1;3.1;1.9
207;FR;Oceanographer;4.38;Plays;208;/;350;=;59.4%;Wins;62;/;208;=;29.8%;PWR;=;2.5;2.9;2.1;3.1;1.9
208;FR;PipeSmoker;4.23;Plays;232;/;390;=;59.5%;Wins;68;/;232;=;29.3%;PWR;=;2.5;2.9;2.1;3.1;1.9
209;FR;SculptorsSon;4.56;Plays;206;/;365;=;56.4%;Wins;65;/;206;=;31.6%;PWR;=;2.5;2.9;2.1;3.1;1.9
210;WM;TileMaker;4.61;Plays;229;/;387;=;59.2%;Wins;68;/;229;=;29.7%;PWR;=;2.5;2.9;2.1;3.1;1.9
211;FR;ArtDirector;2.87;Plays;258;/;361;=;71.5%;Wins;62;/;258;=;24%;PWR;=;2.5;2.9;2.1;3.1;1.9
120;G5;FarmNameSign;4.27;Plays;137;/;221;=;62%;Wins;39;/;137;=;28.5%;PWR;=;2.5;3.0;2.0;3.3;1.7
121;G4;LumberPile;5.08;Plays;78;/;173;=;45.1%;Wins;30;/;78;=;38.5%;PWR;=;2.5;3.1;1.9;3.4;1.6
122;G5;NailBasket;4.22;Plays;134;/;203;=;66%;Wins;36;/;134;=;26.9%;PWR;=;2.5;3.0;2.0;3.3;1.7
123;G5;PoleBarns;4.38;Plays;110;/;220;=;50%;Wins;39;/;110;=;35.5%;PWR;=;2.5;3.0;2.0;3.3;1.7
124;G5;Rooster;3.60;Plays;154;/;215;=;71.6%;Wins;38;/;154;=;24.7%;PWR;=;2.5;3.0;2.0;3.3;1.7
125;G5;Shipyard;4.65;Plays;132;/;222;=;59.5%;Wins;39;/;132;=;29.5%;PWR;=;2.5;3.0;2.0;3.3;1.7
126;G4;ChiefsGrandson;4.38;Plays;92;/;196;=;46.9%;Wins;34;/;92;=;37%;PWR;=;2.5;3.0;2.0;3.3;1.7
127;G4;RenaissanceMan;3.46;Plays;100;/;172;=;58.1%;Wins;30;/;100;=;30%;PWR;=;2.5;3.1;1.9;3.4;1.6
128;G5;Scapegrace;4.71;Plays;97;/;196;=;49.5%;Wins;34;/;97;=;35.1%;PWR;=;2.5;3.0;2.0;3.3;1.7
41;CZ;cz1informer;4.27;Plays;51;/;90;=;56.7%;Wins;16;/;51;=;31.4%;PWR;=;2.5;3.3;1.7;3.7;1.3
212;WM;BackDoor;3.65;Plays;261;/;430;=;60.7%;Wins;72;/;261;=;27.6%;PWR;=;2.4;2.8;2.0;2.9;1.9
213;WM;FarmSchool;4.56;Plays;196;/;424;=;46.2%;Wins;70;/;196;=;35.7%;PWR;=;2.4;2.8;2.0;2.9;1.9
214;WM;FestivalHall;4.75;Plays;175;/;379;=;46.2%;Wins;63;/;175;=;36%;PWR;=;2.4;2.8;2.0;3.0;1.8
215;WM;GrainElevator;3.98;Plays;218;/;394;=;55.3%;Wins;65;/;218;=;29.8%;PWR;=;2.4;2.8;2.0;3.0;1.8
216;FR;March;4.59;Plays;193;/;372;=;51.9%;Wins;62;/;193;=;32.1%;PWR;=;2.4;2.8;2.0;3.0;1.8
217;WM;RotherhamPlow;3.80;Plays;238;/;398;=;59.8%;Wins;67;/;238;=;28.2%;PWR;=;2.4;2.8;2.0;3.0;1.8
218;WM;Ruins;4.46;Plays;210;/;408;=;51.5%;Wins;70;/;210;=;33.3%;PWR;=;2.4;2.8;2.0;3.0;1.8
219;FR;StarClassificationMe;4.74;Plays;215;/;404;=;53.2%;Wins;69;/;215;=;32.1%;PWR;=;2.4;2.8;2.0;3.0;1.8
220;FR;TreesfortheCitizens;4.01;Plays;227;/;374;=;60.7%;Wins;64;/;227;=;28.2%;PWR;=;2.4;2.8;2.0;3.0;1.8
221;I;cookingcorner;3.97;Plays;294;/;422;=;69.7%;Wins;72;/;294;=;24.5%;PWR;=;2.4;2.8;2.0;2.9;1.9
222;E;cornscoop;3.84;Plays;314;/;426;=;73.7%;Wins;72;/;314;=;22.9%;PWR;=;2.4;2.8;2.0;2.9;1.9
223;E;claydeliveryman;4.75;Plays;195;/;382;=;51%;Wins;63;/;195;=;32.3%;PWR;=;2.4;2.8;2.0;3.0;1.8
224;E;renovator;4.95;Plays;194;/;381;=;50.9%;Wins;64;/;194;=;33%;PWR;=;2.4;2.8;2.0;3.0;1.8
225;E;field;4.49;Plays;325;/;426;=;76.3%;Wins;71;/;325;=;21.8%;PWR;=;2.4;2.8;2.0;2.9;1.9
226;I;graincart;3.06;Plays;300;/;394;=;76.1%;Wins;66;/;300;=;22%;PWR;=;2.4;2.8;2.0;3.0;1.8
227;I;wellbuilder;2.93;Plays;265;/;352;=;75.3%;Wins;60;/;265;=;22.6%;PWR;=;2.4;2.8;2.0;3.0;1.8
228;E;manger;4.83;Plays;171;/;374;=;45.7%;Wins;62;/;171;=;36.3%;PWR;=;2.4;2.8;2.0;3.0;1.8
229;FR;Mastermind;4.49;Plays;172;/;371;=;46.4%;Wins;61;/;172;=;35.5%;PWR;=;2.4;2.8;2.0;3.0;1.8
230;FR;GardeningEnthusiast;4.76;Plays;219;/;364;=;60.2%;Wins;60;/;219;=;27.4%;PWR;=;2.4;2.8;2.0;3.0;1.8
231;FR;PasteurizationExpert;5.00;Plays;184;/;358;=;51.4%;Wins;61;/;184;=;33.2%;PWR;=;2.4;2.8;2.0;3.0;1.8
129;G4;AnimalTrap;4.17;Plays;103;/;209;=;49.3%;Wins;35;/;103;=;34%;PWR;=;2.4;2.9;1.9;3.2;1.6
130;G5;Salary;5.05;Plays;147;/;220;=;66.8%;Wins;37;/;147;=;25.2%;PWR;=;2.4;2.9;1.9;3.2;1.6
131;G4;WhaleOil;4.21;Plays;117;/;204;=;57.4%;Wins;34;/;117;=;29.1%;PWR;=;2.4;2.9;1.9;3.2;1.6
132;G4;MasterFencerv2;4.30;Plays;103;/;187;=;55.1%;Wins;32;/;103;=;31.1%;PWR;=;2.4;2.9;1.9;3.2;1.6
133;G4;ContractBuilder;3.98;Plays;89;/;170;=;52.4%;Wins;29;/;89;=;32.6%;PWR;=;2.4;3.0;1.8;3.3;1.5
134;G4;MasterTanner;3.14;Plays;136;/;218;=;62.4%;Wins;36;/;136;=;26.5%;PWR;=;2.4;2.9;1.9;3.2;1.6
135;G5;DairyCrier;4.09;Plays;162;/;204;=;79.4%;Wins;34;/;162;=;21%;PWR;=;2.4;2.9;1.9;3.2;1.6
136;G5;MasonsApprentice;3.26;Plays;107;/;198;=;54%;Wins;33;/;107;=;30.8%;PWR;=;2.4;2.9;1.9;3.2;1.6
42;PI;GardenersBothy;3.10;Plays;78;/;118;=;66.1%;Wins;20;/;78;=;25.6%;PWR;=;2.4;3.1;1.7;3.4;1.4
43;BI;The52ndLatitude;4.67;Plays;29;/;65;=;44.6%;Wins;11;/;29;=;37.9%;PWR;=;2.4;3.3;1.5;3.8;1.0
44;Z;keg;5.04;Plays;74;/;107;=;69.2%;Wins;18;/;74;=;24.3%;PWR;=;2.4;3.1;1.7;3.5;1.3
45;PI;MarriageCounselor;3.14;Plays;50;/;78;=;64.1%;Wins;13;/;50;=;26%;PWR;=;2.4;3.2;1.6;3.7;1.1
232;FR;Cornrick;4.30;Plays;206;/;374;=;55.1%;Wins;60;/;206;=;29.1%;PWR;=;2.3;2.7;1.9;2.9;1.7
233;WM;IronPlow;2.71;Plays;357;/;412;=;86.7%;Wins;66;/;357;=;18.5%;PWR;=;2.3;2.7;1.9;2.9;1.7
234;FR;Lighthouse;3.18;Plays;216;/;393;=;55%;Wins;63;/;216;=;29.2%;PWR;=;2.3;2.7;1.9;2.9;1.7
235;WM;OpenGate;4.61;Plays;234;/;387;=;60.5%;Wins;61;/;234;=;26.1%;PWR;=;2.3;2.7;1.9;2.9;1.7
236;WM;PettingZoo;3.98;Plays;237;/;402;=;59%;Wins;66;/;237;=;27.8%;PWR;=;2.3;2.7;1.9;2.9;1.7
237;FR;WinterDeadwood;5.08;Plays;229;/;382;=;59.9%;Wins;61;/;229;=;26.6%;PWR;=;2.3;2.7;1.9;2.9;1.7
238;E;animalyard;4.36;Plays;239;/;372;=;64.2%;Wins;61;/;239;=;25.5%;PWR;=;2.3;2.7;1.9;2.9;1.7
239;E;berrypicker;3.97;Plays;252;/;393;=;64.1%;Wins;64;/;252;=;25.4%;PWR;=;2.3;2.7;1.9;2.9;1.7
240;E;pastor;5.33;Plays;183;/;386;=;47.4%;Wins;63;/;183;=;34.4%;PWR;=;2.3;2.7;1.9;2.9;1.7
241;I;gardener;4.80;Plays;203;/;385;=;52.7%;Wins;63;/;203;=;31%;PWR;=;2.3;2.7;1.9;2.9;1.7
242;I;manservant;3.94;Plays;196;/;404;=;48.5%;Wins;64;/;196;=;32.7%;PWR;=;2.3;2.7;1.9;2.9;1.7
243;I;hidefarmer;5.14;Plays;191;/;407;=;46.9%;Wins;65;/;191;=;34%;PWR;=;2.3;2.7;1.9;2.9;1.7
244;K;woodcarver;4.18;Plays;263;/;401;=;65.6%;Wins;65;/;263;=;24.7%;PWR;=;2.3;2.7;1.9;2.9;1.7
245;E;madonnastatue;4.93;Plays;182;/;385;=;47.3%;Wins;63;/;182;=;34.6%;PWR;=;2.3;2.7;1.9;2.9;1.7
246;K;mansion;3.35;Plays;155;/;398;=;38.9%;Wins;63;/;155;=;40.6%;PWR;=;2.3;2.7;1.9;2.9;1.7
247;I;moldboardplow;3.37;Plays;340;/;460;=;73.9%;Wins;75;/;340;=;22.1%;PWR;=;2.3;2.6;2.0;2.8;1.8
248;K;woodenstrongbox;4.64;Plays;181;/;376;=;48.1%;Wins;60;/;180;=;33.3%;PWR;=;2.3;2.7;1.9;2.9;1.7
249;WM;ApplePicker;3.46;Plays;249;/;354;=;70.3%;Wins;57;/;249;=;22.9%;PWR;=;2.3;2.7;1.9;2.9;1.7
250;FR;DoveHunter;4.10;Plays;240;/;367;=;65.4%;Wins;59;/;240;=;24.6%;PWR;=;2.3;2.7;1.9;2.9;1.7
137;G4;AlmsBasket;4.57;Plays;89;/;208;=;42.8%;Wins;33;/;89;=;37.1%;PWR;=;2.3;2.8;1.8;3.1;1.5
138;G4;CheeseFondue;5.53;Plays;81;/;189;=;42.9%;Wins;30;/;81;=;37%;PWR;=;2.3;2.8;1.8;3.1;1.5
139;G4;Sundial;4.30;Plays;109;/;214;=;50.9%;Wins;35;/;109;=;32.1%;PWR;=;2.3;2.8;1.8;3.1;1.5
140;G5;DungCollector;4.48;Plays;110;/;180;=;61.1%;Wins;29;/;110;=;26.4%;PWR;=;2.3;2.9;1.7;3.1;1.5
141;G4;VegetableImporter;3.34;Plays;147;/;201;=;73.1%;Wins;32;/;147;=;21.8%;PWR;=;2.3;2.8;1.8;3.1;1.5
142;G4;BurgerFlipper;3.60;Plays;139;/;189;=;73.5%;Wins;31;/;139;=;22.3%;PWR;=;2.3;2.8;1.8;3.1;1.5
46;PI;FertilityShrine;3.26;Plays;42;/;82;=;51.2%;Wins;13;/;42;=;31%;PWR;=;2.3;3.1;1.5;3.5;1.1
47;CZ;cz3nicholas;5.30;Plays;56;/;88;=;63.6%;Wins;14;/;56;=;25%;PWR;=;2.3;3.1;1.5;3.5;1.1
48;O;opinionleader;3.57;Plays;68;/;94;=;72.3%;Wins;15;/;68;=;22.1%;PWR;=;2.3;3.1;1.5;3.5;1.1
251;WM;AppleTree;4.83;Plays;225;/;393;=;57.3%;Wins;60;/;225;=;26.7%;PWR;=;2.2;2.6;1.8;2.8;1.6
252;FR;BarberShop;2.79;Plays;334;/;444;=;75.2%;Wins;67;/;334;=;20.1%;PWR;=;2.2;2.6;1.8;2.7;1.7
253;FR;Chocolade;4.77;Plays;277;/;418;=;66.3%;Wins;64;/;277;=;23.1%;PWR;=;2.2;2.6;1.8;2.7;1.7
254;FR;FullbottomedWig;4.90;Plays;183;/;381;=;48%;Wins;60;/;183;=;32.8%;PWR;=;2.2;2.6;1.8;2.8;1.6
255;FR;HayRake;4.00;Plays;277;/;381;=;72.7%;Wins;59;/;277;=;21.3%;PWR;=;2.2;2.6;1.8;2.8;1.6
256;FR;StrawThatchedHut;3.73;Plays;216;/;414;=;52.2%;Wins;64;/;216;=;29.6%;PWR;=;2.2;2.6;1.8;2.8;1.6
257;FR;Timetable;5.00;Plays;223;/;418;=;53.3%;Wins;63;/;223;=;28.3%;PWR;=;2.2;2.6;1.8;2.7;1.7
258;WM;UndisturbedPond;4.71;Plays;191;/;395;=;48.4%;Wins;62;/;191;=;32.5%;PWR;=;2.2;2.6;1.8;2.8;1.6
259;K;boarbreeding;5.38;Plays;212;/;416;=;51%;Wins;65;/;212;=;30.7%;PWR;=;2.2;2.6;1.8;2.7;1.7
260;E;greengrocer;3.38;Plays;306;/;411;=;74.5%;Wins;64;/;306;=;20.9%;PWR;=;2.2;2.6;1.8;2.8;1.6
261;E;tenantfarmer;5.37;Plays;144;/;338;=;42.6%;Wins;52;/;144;=;36.1%;PWR;=;2.2;2.6;1.8;2.8;1.6
262;E;undergardener;3.61;Plays;255;/;379;=;67.3%;Wins;57;/;255;=;22.4%;PWR;=;2.2;2.6;1.8;2.8;1.6
263;I;bricklayer;3.52;Plays;259;/;405;=;64%;Wins;61;/;259;=;23.6%;PWR;=;2.2;2.6;1.8;2.8;1.6
264;I;fencer;5.63;Plays;146;/;350;=;41.7%;Wins;55;/;146;=;37.7%;PWR;=;2.2;2.6;1.8;2.8;1.6
265;I;puppeteer;3.56;Plays;232;/;357;=;65%;Wins;56;/;232;=;24.1%;PWR;=;2.2;2.6;1.8;2.8;1.6
266;I;rancher;4.75;Plays;186;/;358;=;52%;Wins;56;/;186;=;30.1%;PWR;=;2.2;2.6;1.8;2.8;1.6
267;E;sackcart;4.12;Plays;241;/;429;=;56.2%;Wins;67;/;241;=;27.8%;PWR;=;2.2;2.6;1.8;2.7;1.7
268;E;stonehouseextension;3.58;Plays;203;/;368;=;55.2%;Wins;56;/;203;=;27.6%;PWR;=;2.2;2.6;1.8;2.8;1.6
269;WM;Borrower;4.69;Plays;185;/;353;=;52.4%;Wins;54;/;185;=;29.2%;PWR;=;2.2;2.6;1.8;2.8;1.6
270;FR;Reformer;4.09;Plays;250;/;373;=;67%;Wins;58;/;250;=;23.2%;PWR;=;2.2;2.6;1.8;2.8;1.6
271;WM;DebrisDealer;5.42;Plays;148;/;378;=;39.2%;Wins;59;/;148;=;39.9%;PWR;=;2.2;2.6;1.8;2.8;1.6
272;FR;GoodFriend;4.73;Plays;233;/;423;=;55.1%;Wins;64;/;233;=;27.5%;PWR;=;2.2;2.6;1.8;2.7;1.7
143;G5;Bakery;3.45;Plays;134;/;232;=;57.8%;Wins;35;/;134;=;26.1%;PWR;=;2.2;2.7;1.7;2.9;1.5
144;G4;SimpleOven;4.43;Plays;122;/;202;=;60.4%;Wins;31;/;122;=;25.4%;PWR;=;2.2;2.7;1.7;3.0;1.4
145;G5;StoneAxe;4.25;Plays;120;/;225;=;53.3%;Wins;34;/;120;=;28.3%;PWR;=;2.2;2.7;1.7;2.9;1.5
146;G4;StoneGiant;3.69;Plays;128;/;206;=;62.1%;Wins;32;/;128;=;25%;PWR;=;2.2;2.7;1.7;3.0;1.4
147;G4;TownHall;4.31;Plays;119;/;188;=;63.3%;Wins;29;/;119;=;24.4%;PWR;=;2.2;2.7;1.7;3.0;1.4
148;G5;UnwantedGoods;5.74;Plays;106;/;215;=;49.3%;Wins;33;/;106;=;31.1%;PWR;=;2.2;2.7;1.7;3.0;1.4
149;G4;Eremite;4.72;Plays;92;/;210;=;43.8%;Wins;32;/;92;=;34.8%;PWR;=;2.2;2.7;1.7;3.0;1.4
150;G5;SpringWorker;4.24;Plays;103;/;201;=;51.2%;Wins;31;/;103;=;30.1%;PWR;=;2.2;2.7;1.7;3.0;1.4
151;G4;Peasant;3.80;Plays;131;/;191;=;68.6%;Wins;29;/;131;=;22.1%;PWR;=;2.2;2.7;1.7;3.0;1.4
49;Z;goldenhands;4.49;Plays;53;/;97;=;54.6%;Wins;15;/;53;=;28.3%;PWR;=;2.2;3.0;1.4;3.3;1.1
50;Z;winecellar;4.52;Plays;41;/;92;=;44.6%;Wins;14;/;41;=;34.1%;PWR;=;2.2;3.0;1.4;3.4;1.0
273;WM;FishHook;4.50;Plays;249;/;395;=;63%;Wins;57;/;249;=;22.9%;PWR;=;2.1;2.5;1.7;2.7;1.5
274;K;acreage;4.58;Plays;283;/;422;=;67.1%;Wins;62;/;283;=;21.9%;PWR;=;2.1;2.5;1.7;2.6;1.6
275;I;alms;5.10;Plays;178;/;410;=;43.4%;Wins;61;/;178;=;34.3%;PWR;=;2.1;2.5;1.7;2.7;1.5
276;E;farmer;4.72;Plays;227;/;405;=;56%;Wins;60;/;227;=;26.4%;PWR;=;2.1;2.5;1.7;2.7;1.5
277;E;mastershepherd;5.48;Plays;156;/;383;=;40.7%;Wins;56;/;156;=;35.9%;PWR;=;2.1;2.5;1.7;2.7;1.5
278;K;brushwoodcollector;3.95;Plays;225;/;386;=;58.3%;Wins;56;/;225;=;24.9%;PWR;=;2.1;2.5;1.7;2.7;1.5
279;K;sheepfarmer;3.74;Plays;257;/;402;=;63.9%;Wins;58;/;257;=;22.6%;PWR;=;2.1;2.5;1.7;2.7;1.5
280;K;serf;4.93;Plays;159;/;388;=;41%;Wins;58;/;159;=;36.5%;PWR;=;2.1;2.5;1.7;2.7;1.5
281;I;ladder;3.60;Plays;275;/;404;=;68.1%;Wins;59;/;275;=;21.5%;PWR;=;2.1;2.5;1.7;2.7;1.5
282;K;stonecart;4.43;Plays;215;/;441;=;48.8%;Wins;64;/;215;=;29.8%;PWR;=;2.1;2.5;1.7;2.6;1.6
283;FR;DrinkerofAbsinthe;5.04;Plays;164;/;346;=;47.4%;Wins;52;/;164;=;31.7%;PWR;=;2.1;2.5;1.7;2.7;1.5
284;WM;StableDeliveryman;4.00;Plays;251;/;398;=;63.1%;Wins;58;/;251;=;23.1%;PWR;=;2.1;2.5;1.7;2.7;1.5
285;FR;ShovelWorker;4.44;Plays;165;/;339;=;48.7%;Wins;49;/;165;=;29.7%;PWR;=;2.1;2.5;1.7;2.7;1.5
152;G4;BeeStatue;3.84;Plays;106;/;188;=;56.4%;Wins;27;/;106;=;25.5%;PWR;=;2.1;2.6;1.6;2.9;1.3
153;G5;Dough;5.39;Plays;115;/;213;=;54%;Wins;31;/;115;=;27%;PWR;=;2.1;2.6;1.6;2.9;1.3
154;G5;FlamingoLake;4.99;Plays;132;/;224;=;58.9%;Wins;33;/;132;=;25%;PWR;=;2.1;2.6;1.6;2.8;1.4
155;G5;FleaMarket;5.47;Plays;103;/;203;=;50.7%;Wins;30;/;103;=;29.1%;PWR;=;2.1;2.6;1.6;2.9;1.3
156;G4;NightBazaar;5.69;Plays;84;/;194;=;43.3%;Wins;28;/;84;=;33.3%;PWR;=;2.1;2.6;1.6;2.9;1.3
157;G5;Miller;5.16;Plays;86;/;203;=;42.4%;Wins;30;/;86;=;34.9%;PWR;=;2.1;2.6;1.6;2.9;1.3
51;PI;Geode;4.88;Plays;47;/;61;=;77%;Wins;9;/;47;=;19.1%;PWR;=;2.1;3.1;1.1;3.5;0.7
52;PI;Pitchfork;3.53;Plays;19;/;41;=;46.3%;Wins;6;/;19;=;31.6%;PWR;=;2.1;3.3;0.9;3.8;0.4
53;Z;bible;3.77;Plays;94;/;120;=;78.3%;Wins;18;/;94;=;19.1%;PWR;=;2.1;2.8;1.4;3.1;1.1
54;Z;dozingbull;4.42;Plays;53;/;87;=;60.9%;Wins;13;/;53;=;24.5%;PWR;=;2.1;2.9;1.3;3.3;0.9
55;O;lederhosen;4.91;Plays;42;/;90;=;46.7%;Wins;13;/;42;=;31%;PWR;=;2.1;2.9;1.3;3.3;0.9
56;BI;MemberofaCooperative;2.41;Plays;51;/;60;=;85%;Wins;9;/;51;=;17.6%;PWR;=;2.1;3.1;1.1;3.5;0.7
57;Z;villagebeauty;2.91;Plays;61;/;104;=;58.7%;Wins;15;/;61;=;24.6%;PWR;=;2.1;2.8;1.4;3.2;1.0
286;WM;Crib;5.01;Plays;219;/;392;=;55.9%;Wins;54;/;219;=;24.7%;PWR;=;2.0;2.4;1.6;2.6;1.4
287;FR;SwimmingStudio;4.50;Plays;219;/;385;=;56.9%;Wins;54;/;219;=;24.7%;PWR;=;2.0;2.4;1.6;2.6;1.4
288;E;buildingmaterial;5.22;Plays;219;/;370;=;59.2%;Wins;51;/;219;=;23.3%;PWR;=;2.0;2.4;1.6;2.6;1.4
289;E;masterbuilder;4.87;Plays;182;/;403;=;45.2%;Wins;56;/;182;=;30.8%;PWR;=;2.0;2.4;1.6;2.6;1.4
290;E;dancer;3.77;Plays;219;/;360;=;60.8%;Wins;50;/;219;=;22.8%;PWR;=;2.0;2.4;1.6;2.6;1.4
291;K;greenhouse;3.12;Plays;325;/;440;=;73.9%;Wins;62;/;325;=;19.1%;PWR;=;2.0;2.4;1.6;2.5;1.5
292;I;animaldealer;4.14;Plays;230;/;406;=;56.7%;Wins;58;/;230;=;25.2%;PWR;=;2.0;2.4;1.6;2.6;1.4
293;K;wooddistributor;4.83;Plays;170;/;375;=;45.3%;Wins;53;/;170;=;31.2%;PWR;=;2.0;2.4;1.6;2.6;1.4
294;K;liquidmanure;5.44;Plays;158;/;395;=;40%;Wins;56;/;158;=;35.4%;PWR;=;2.0;2.4;1.6;2.6;1.4
295;I;reedexchange;5.11;Plays;169;/;378;=;44.7%;Wins;53;/;169;=;31.4%;PWR;=;2.0;2.4;1.6;2.6;1.4
296;FR;Cocotte;3.71;Plays;212;/;372;=;57%;Wins;52;/;212;=;24.5%;PWR;=;2.0;2.4;1.6;2.6;1.4
297;WM;VillageFool;4.71;Plays;173;/;364;=;47.5%;Wins;52;/;173;=;30.1%;PWR;=;2.0;2.4;1.6;2.6;1.4
298;WM;AnimalBuyer;5.53;Plays;128;/;358;=;35.8%;Wins;49;/;128;=;38.3%;PWR;=;2.0;2.4;1.6;2.6;1.4
299;WM;Godfather;5.35;Plays;167;/;407;=;41%;Wins;57;/;167;=;34.1%;PWR;=;2.0;2.4;1.6;2.6;1.4
300;WM;ResourceLender;4.24;Plays;154;/;332;=;46.4%;Wins;47;/;154;=;30.5%;PWR;=;2.0;2.4;1.6;2.6;1.4
158;G5;ChildrensPlayground;5.23;Plays;81;/;211;=;38.4%;Wins;29;/;81;=;35.8%;PWR;=;2.0;2.5;1.5;2.8;1.2
159;G5;Mattock;4.03;Plays;164;/;232;=;70.7%;Wins;33;/;164;=;20.1%;PWR;=;2.0;2.5;1.5;2.7;1.3
160;G4;OvenInspector;4.78;Plays;123;/;210;=;58.6%;Wins;29;/;123;=;23.6%;PWR;=;2.0;2.5;1.5;2.8;1.2
161;G5;PasturePlanner;2.84;Plays;189;/;226;=;83.6%;Wins;31;/;189;=;16.4%;PWR;=;2.0;2.5;1.5;2.7;1.3
162;G5;Handmaid;3.48;Plays;112;/;209;=;53.6%;Wins;29;/;112;=;25.9%;PWR;=;2.0;2.5;1.5;2.8;1.2
163;G5;KelpGatherer;3.81;Plays;141;/;213;=;66.2%;Wins;30;/;141;=;21.3%;PWR;=;2.0;2.5;1.5;2.8;1.2
58;BI;ChiefEditor;3.98;Plays;28;/;51;=;54.9%;Wins;7;/;28;=;25%;PWR;=;2.0;3.0;1.0;3.6;0.4
59;BI;SystemsTheorist;4.02;Plays;32;/;63;=;50.8%;Wins;9;/;32;=;28.1%;PWR;=;2.0;2.9;1.1;3.4;0.6
301;FR;Hammock;4.11;Plays;140;/;347;=;40.3%;Wins;47;/;140;=;33.6%;PWR;=;1.9;2.3;1.5;2.5;1.3
302;WM;Keys;2.65;Plays;269;/;406;=;66.3%;Wins;54;/;269;=;20.1%;PWR;=;1.9;2.3;1.5;2.5;1.3
303;FR;KidsCorner;4.97;Plays;169;/;364;=;46.4%;Wins;48;/;169;=;28.4%;PWR;=;1.9;2.3;1.5;2.5;1.3
304;FR;RockPyramid;4.59;Plays;199;/;403;=;49.4%;Wins;54;/;199;=;27.1%;PWR;=;1.9;2.3;1.5;2.5;1.3
305;E;ceramics;3.87;Plays;243;/;407;=;59.7%;Wins;54;/;243;=;22.2%;PWR;=;1.9;2.3;1.5;2.5;1.3
306;E;baker;4.43;Plays;194;/;373;=;52%;Wins;50;/;194;=;25.8%;PWR;=;1.9;2.3;1.5;2.5;1.3
307;E;mushroomcollector;3.88;Plays;265;/;438;=;60.5%;Wins;59;/;265;=;22.3%;PWR;=;1.9;2.3;1.5;2.4;1.4
308;E;brushmaker;5.47;Plays;115;/;361;=;31.9%;Wins;47;/;115;=;40.9%;PWR;=;1.9;2.3;1.5;2.5;1.3
309;E;basketmaker;5.09;Plays;191;/;434;=;44%;Wins;58;/;191;=;30.4%;PWR;=;1.9;2.3;1.5;2.4;1.4
310;I;marketcrier;4.18;Plays;254;/;368;=;69%;Wins;50;/;254;=;19.7%;PWR;=;1.9;2.3;1.5;2.5;1.3
311;K;organicfarmer;4.99;Plays;149;/;386;=;38.6%;Wins;50;/;149;=;33.6%;PWR;=;1.9;2.3;1.5;2.5;1.3
312;WM;Contractor;4.73;Plays;170;/;368;=;46.2%;Wins;50;/;170;=;29.4%;PWR;=;1.9;2.3;1.5;2.5;1.3
313;WM;TapestryWeaver;5.22;Plays;164;/;398;=;41.2%;Wins;53;/;164;=;32.3%;PWR;=;1.9;2.3;1.5;2.5;1.3
164;G4;Dinghy;5.08;Plays;117;/;200;=;58.5%;Wins;26;/;117;=;22.2%;PWR;=;1.9;2.4;1.4;2.7;1.1
165;G5;Milkcan;5.51;Plays;99;/;224;=;44.2%;Wins;29;/;99;=;29.3%;PWR;=;1.9;2.4;1.4;2.6;1.2
166;G4;PowderKeg;4.36;Plays;126;/;211;=;59.7%;Wins;28;/;126;=;22.2%;PWR;=;1.9;2.4;1.4;2.7;1.1
167;G4;SupplyExchange;5.24;Plays;100;/;221;=;45.2%;Wins;29;/;100;=;29%;PWR;=;1.9;2.4;1.4;2.7;1.1
168;G5;Giant;5.01;Plays;91;/;208;=;43.8%;Wins;28;/;91;=;30.8%;PWR;=;1.9;2.4;1.4;2.7;1.1
169;G5;GlutenFreeBaker;5.00;Plays;61;/;176;=;34.7%;Wins;24;/;61;=;39.3%;PWR;=;1.9;2.5;1.3;2.7;1.1
170;G4;StoneHouseBuilder;2.14;Plays;175;/;211;=;82.9%;Wins;28;/;175;=;16%;PWR;=;1.9;2.4;1.4;2.7;1.1
314;WM;GlassblowersShop;4.97;Plays;149;/;397;=;37.5%;Wins;50;/;149;=;33.6%;PWR;=;1.8;2.2;1.4;2.4;1.2
315;FR;Goblet;4.51;Plays;195;/;387;=;50.4%;Wins;48;/;195;=;24.6%;PWR;=;1.8;2.2;1.4;2.4;1.2
316;FR;GrainMillOven;4.17;Plays;209;/;375;=;55.7%;Wins;46;/;209;=;22%;PWR;=;1.8;2.2;1.4;2.4;1.2
317;WM;Honeymoon;5.16;Plays;128;/;399;=;32.1%;Wins;49;/;128;=;38.3%;PWR;=;1.8;2.2;1.4;2.4;1.2
318;WM;Ram;5.11;Plays;164;/;399;=;41.1%;Wins;51;/;164;=;31.1%;PWR;=;1.8;2.2;1.4;2.4;1.2
319;FR;ThePortLeHavre;5.33;Plays;138;/;352;=;39.2%;Wins;45;/;138;=;32.6%;PWR;=;1.8;2.2;1.4;2.4;1.2
320;E;bakersoven;4.82;Plays;181;/;444;=;40.8%;Wins;57;/;181;=;31.5%;PWR;=;1.8;2.2;1.4;2.3;1.3
321;E;canoe;3.80;Plays;255;/;427;=;59.7%;Wins;54;/;255;=;21.2%;PWR;=;1.8;2.2;1.4;2.3;1.3
322;I;guest;5.51;Plays;192;/;387;=;49.6%;Wins;50;/;192;=;26%;PWR;=;1.8;2.2;1.4;2.4;1.2
323;K;clayworker;4.35;Plays;221;/;369;=;59.9%;Wins;47;/;221;=;21.3%;PWR;=;1.8;2.2;1.4;2.4;1.2
324;K;acrobat;3.65;Plays;266;/;402;=;66.2%;Wins;51;/;266;=;19.2%;PWR;=;1.8;2.2;1.4;2.4;1.2
325;I;villagewell;4.46;Plays;185;/;379;=;48.8%;Wins;48;/;185;=;25.9%;PWR;=;1.8;2.2;1.4;2.4;1.2
326;FR;ParquetSetter;5.22;Plays;167;/;370;=;45.1%;Wins;48;/;167;=;28.7%;PWR;=;1.8;2.2;1.4;2.4;1.2
327;FR;RacingStableManager;4.49;Plays;178;/;371;=;48%;Wins;47;/;178;=;26.4%;PWR;=;1.8;2.2;1.4;2.4;1.2
328;FR;TowerBuilder;4.49;Plays;161;/;355;=;45.4%;Wins;45;/;161;=;28%;PWR;=;1.8;2.2;1.4;2.4;1.2
171;G4;Cornucopia;4.22;Plays;111;/;202;=;55%;Wins;26;/;111;=;23.4%;PWR;=;1.8;2.3;1.3;2.6;1.0
172;G4;MasterRenovator;4.74;Plays;62;/;195;=;31.8%;Wins;24;/;62;=;38.7%;PWR;=;1.8;2.3;1.3;2.6;1.0
173;G5;MountainPlowman;4.80;Plays;115;/;194;=;59.3%;Wins;25;/;115;=;21.7%;PWR;=;1.8;2.3;1.3;2.6;1.0
174;G5;Parvenu;5.24;Plays;81;/;209;=;38.8%;Wins;27;/;81;=;33.3%;PWR;=;1.8;2.3;1.3;2.6;1.0
175;G5;WalrusHunter;4.50;Plays;88;/;191;=;46.1%;Wins;24;/;88;=;27.3%;PWR;=;1.8;2.3;1.3;2.6;1.0
60;PI;AngryDuck;4.53;Plays;46;/;86;=;53.5%;Wins;11;/;46;=;23.9%;PWR;=;1.8;2.6;1.0;3.0;0.6
61;O;vineyard;4.53;Plays;34;/;78;=;43.6%;Wins;10;/;34;=;29.4%;PWR;=;1.8;2.6;1.0;3.1;0.5
62;BI;AppleMan;4.58;Plays;39;/;78;=;50%;Wins;10;/;39;=;25.6%;PWR;=;1.8;2.6;1.0;3.1;0.5
329;FR;Haystack;4.29;Plays;154;/;384;=;40.1%;Wins;47;/;154;=;30.5%;PWR;=;1.7;2.1;1.3;2.3;1.1
330;FR;WateringCan;5.72;Plays;139;/;380;=;36.6%;Wins;45;/;139;=;32.4%;PWR;=;1.7;2.1;1.3;2.3;1.1
331;WM;WormBait;5.04;Plays;190;/;384;=;49.5%;Wins;45;/;190;=;23.7%;PWR;=;1.7;2.1;1.3;2.3;1.1
332;E;bakingtray;3.62;Plays;246;/;403;=;61%;Wins;49;/;246;=;19.9%;PWR;=;1.7;2.1;1.3;2.3;1.1
333;E;builderstrowel;4.30;Plays;206;/;438;=;47%;Wins;53;/;206;=;25.7%;PWR;=;1.7;2.1;1.3;2.2;1.2
334;I;fencebuilder;5.51;Plays;125;/;370;=;33.8%;Wins;45;/;125;=;36%;PWR;=;1.7;2.1;1.3;2.3;1.1
335;I;shepherdscrook;4.82;Plays;215;/;403;=;53.3%;Wins;48;/;215;=;22.3%;PWR;=;1.7;2.1;1.3;2.3;1.1
336;E;stable;5.29;Plays;245;/;412;=;59.5%;Wins;49;/;245;=;20%;PWR;=;1.7;2.1;1.3;2.3;1.1
337;WM;Herdsman;3.87;Plays;238;/;388;=;61.3%;Wins;45;/;238;=;18.9%;PWR;=;1.7;2.1;1.3;2.3;1.1
338;FR;Stroller;5.30;Plays;153;/;388;=;39.4%;Wins;46;/;153;=;30.1%;PWR;=;1.7;2.1;1.3;2.3;1.1
339;WM;Mailman;5.38;Plays;162;/;375;=;43.2%;Wins;45;/;162;=;27.8%;PWR;=;1.7;2.1;1.3;2.3;1.1
340;FR;StageStar;4.89;Plays;169;/;369;=;45.8%;Wins;45;/;169;=;26.6%;PWR;=;1.7;2.1;1.3;2.3;1.1
176;G5;KitchenCabinet;4.43;Plays;114;/;231;=;49.4%;Wins;28;/;114;=;24.6%;PWR;=;1.7;2.2;1.2;2.4;1.0
177;G4;SyrupTap;4.17;Plays;140;/;239;=;58.6%;Wins;29;/;140;=;20.7%;PWR;=;1.7;2.2;1.2;2.4;1.0
178;G4;WildGreens;5.67;Plays;102;/;201;=;50.7%;Wins;24;/;102;=;23.5%;PWR;=;1.7;2.2;1.2;2.5;0.9
179;G4;HastyTrader;5.54;Plays;82;/;201;=;40.8%;Wins;24;/;82;=;29.3%;PWR;=;1.7;2.2;1.2;2.5;0.9
180;G5;Prophet;4.44;Plays;110;/;212;=;51.9%;Wins;25;/;110;=;22.7%;PWR;=;1.7;2.2;1.2;2.5;0.9
181;G5;SelfEmployee;5.53;Plays;88;/;212;=;41.5%;Wins;26;/;88;=;29.5%;PWR;=;1.7;2.2;1.2;2.5;0.9
182;G5;WealthyMan;3.34;Plays;75;/;206;=;36.4%;Wins;24;/;75;=;32%;PWR;=;1.7;2.2;1.2;2.5;0.9
183;G4;Margrave;5.47;Plays;75;/;196;=;38.3%;Wins;23;/;75;=;30.7%;PWR;=;1.7;2.2;1.2;2.5;0.9
184;G4;Visionary;3.72;Plays;107;/;190;=;56.3%;Wins;23;/;107;=;21.5%;PWR;=;1.7;2.2;1.2;2.5;0.9
63;Z;bust;4.09;Plays;65;/;115;=;56.5%;Wins;14;/;65;=;21.5%;PWR;=;1.7;2.4;1.0;2.7;0.7
64;Z;pumpkinseedoil;4.59;Plays;65;/;131;=;49.6%;Wins;16;/;65;=;24.6%;PWR;=;1.7;2.3;1.1;2.7;0.7
341;FR;AbandonedWillow;5.37;Plays;146;/;359;=;40.7%;Wins;40;/;146;=;27.4%;PWR;=;1.6;2.0;1.2;2.2;1.0
342;WM;Birdcage;4.66;Plays;171;/;413;=;41.4%;Wins;45;/;171;=;26.3%;PWR;=;1.6;2.0;1.2;2.2;1.0
343;WM;GoldMedal;4.97;Plays;216;/;414;=;52.2%;Wins;45;/;216;=;20.8%;PWR;=;1.6;2.0;1.2;2.2;1.0
344;FR;Heatwave;5.77;Plays;129;/;356;=;36.2%;Wins;39;/;129;=;30.2%;PWR;=;1.6;2.0;1.2;2.2;1.0
345;FR;ParForceHunting;4.79;Plays;147;/;370;=;39.7%;Wins;42;/;147;=;28.6%;PWR;=;1.6;2.0;1.2;2.2;1.0
346;K;brushwoodroof;4.23;Plays;218;/;418;=;52.2%;Wins;46;/;218;=;21.1%;PWR;=;1.6;2.0;1.2;2.1;1.1
347;E;stablehand;5.31;Plays;131;/;402;=;32.6%;Wins;44;/;131;=;33.6%;PWR;=;1.6;2.0;1.2;2.2;1.0
348;E;clayseller;5.50;Plays;156;/;412;=;37.9%;Wins;46;/;156;=;29.5%;PWR;=;1.6;2.0;1.2;2.2;1.0
349;K;countryman;4.90;Plays;163;/;405;=;40.2%;Wins;46;/;163;=;28.2%;PWR;=;1.6;2.0;1.2;2.2;1.0
350;I;lasso;5.00;Plays;183;/;414;=;44.2%;Wins;45;/;183;=;24.6%;PWR;=;1.6;2.0;1.2;2.2;1.0
351;FR;Powerhouse;5.68;Plays;91;/;328;=;27.7%;Wins;36;/;91;=;39.6%;PWR;=;1.6;2.0;1.2;2.2;1.0
352;K;yoke;4.68;Plays;156;/;427;=;36.5%;Wins;48;/;156;=;30.8%;PWR;=;1.6;2.0;1.2;2.1;1.1
185;G4;Shears;5.09;Plays;97;/;220;=;44.1%;Wins;24;/;97;=;24.7%;PWR;=;1.6;2.1;1.1;2.4;0.8
186;G5;Thunderbolt;5.36;Plays;74;/;211;=;35.1%;Wins;24;/;74;=;32.4%;PWR;=;1.6;2.1;1.1;2.4;0.8
187;G5;HillCultivator;3.80;Plays;121;/;214;=;56.5%;Wins;24;/;121;=;19.8%;PWR;=;1.6;2.1;1.1;2.4;0.8
188;G4;Horseman;5.26;Plays;89;/;247;=;36%;Wins;28;/;89;=;31.5%;PWR;=;1.6;2.1;1.1;2.3;0.9
189;G5;AnimalTamersApprenti;5.20;Plays;47;/;201;=;23.4%;Wins;23;/;47;=;48.9%;PWR;=;1.6;2.1;1.1;2.4;0.8
65;CZ;cz3onlychild;4.96;Plays;40;/;96;=;41.7%;Wins;11;/;40;=;27.5%;PWR;=;1.6;2.4;0.8;2.7;0.5
66;Z;cooper;4.70;Plays;38;/;96;=;39.6%;Wins;11;/;38;=;28.9%;PWR;=;1.6;2.4;0.8;2.7;0.5
353;WM;Attic;5.47;Plays;161;/;404;=;39.9%;Wins;43;/;161;=;26.7%;PWR;=;1.5;1.9;1.1;2.1;0.9
354;FR;Baguette;5.45;Plays;167;/;426;=;39.2%;Wins;44;/;167;=;26.3%;PWR;=;1.5;1.9;1.1;2.0;1.0
355;WM;ChangingPlans;5.06;Plays;135;/;392;=;34.4%;Wins;40;/;135;=;29.6%;PWR;=;1.5;1.9;1.1;2.1;0.9
356;WM;HomeGarden;5.38;Plays;164;/;372;=;44.1%;Wins;39;/;164;=;23.8%;PWR;=;1.5;1.9;1.1;2.1;0.9
357;FR;PeasantsBoutique;4.93;Plays;132;/;380;=;34.7%;Wins;41;/;132;=;31.1%;PWR;=;1.5;1.9;1.1;2.1;0.9
358;WM;Steamer;4.91;Plays;156;/;382;=;40.8%;Wins;41;/;156;=;26.3%;PWR;=;1.5;1.9;1.1;2.1;0.9
359;E;woodenhutbuilder;5.61;Plays;104;/;338;=;30.8%;Wins;36;/;104;=;34.6%;PWR;=;1.5;1.9;1.1;2.1;0.9
360;E;helpfulneighbors;5.54;Plays;192;/;399;=;48.1%;Wins;43;/;191;=;22.5%;PWR;=;1.5;1.9;1.1;2.1;0.9
361;I;businessman;4.80;Plays;138;/;349;=;39.5%;Wins;36;/;138;=;26.1%;PWR;=;1.5;1.9;1.1;2.1;0.9
362;I;harvesthelper;5.80;Plays;97;/;365;=;26.6%;Wins;38;/;97;=;39.2%;PWR;=;1.5;1.9;1.1;2.1;0.9
363;I;woodbuyer;5.76;Plays;92;/;340;=;27.1%;Wins;36;/;92;=;39.1%;PWR;=;1.5;1.9;1.1;2.1;0.9
364;I;pigbreeder;5.52;Plays;158;/;356;=;44.4%;Wins;38;/;158;=;24.1%;PWR;=;1.5;1.9;1.1;2.1;0.9
365;I;punner;3.56;Plays;207;/;370;=;55.9%;Wins;40;/;207;=;19.3%;PWR;=;1.5;1.9;1.1;2.1;0.9
366;FR;Journeyman;4.56;Plays;176;/;402;=;43.8%;Wins;43;/;176;=;24.4%;PWR;=;1.5;1.9;1.1;2.1;0.9
367;WM;StorehouseMinder;5.74;Plays;82;/;345;=;23.8%;Wins;35;/;82;=;42.7%;PWR;=;1.5;1.9;1.1;2.1;0.9
368;FR;ChildCareWorker;4.99;Plays;165;/;363;=;45.5%;Wins;37;/;165;=;22.4%;PWR;=;1.5;1.9;1.1;2.1;0.9
190;G4;Chimney;5.07;Plays;67;/;190;=;35.3%;Wins;20;/;67;=;29.9%;PWR;=;1.5;2.0;1.0;2.3;0.7
191;G5;Straw;4.89;Plays;107;/;213;=;50.2%;Wins;23;/;107;=;21.5%;PWR;=;1.5;2.0;1.0;2.3;0.7
192;G5;BoneCollector;5.69;Plays;64;/;200;=;32%;Wins;21;/;64;=;32.8%;PWR;=;1.5;2.0;1.0;2.3;0.7
193;G5;Supervisor;4.80;Plays;53;/;186;=;28.5%;Wins;20;/;53;=;37.7%;PWR;=;1.5;2.0;1.0;2.3;0.7
194;G5;WheatFarmer;5.40;Plays;66;/;205;=;32.2%;Wins;22;/;66;=;33.3%;PWR;=;1.5;2.0;1.0;2.3;0.7
195;G5;StoneCustodian;5.63;Plays;52;/;206;=;25.2%;Wins;21;/;52;=;40.4%;PWR;=;1.5;2.0;1.0;2.3;0.7
196;G5;WaresSalesman;4.93;Plays;93;/;204;=;45.6%;Wins;22;/;93;=;23.7%;PWR;=;1.5;2.0;1.0;2.3;0.7
197;G4;AlmsCollector;4.84;Plays;77;/;215;=;35.8%;Wins;22;/;77;=;28.6%;PWR;=;1.5;2.0;1.0;2.3;0.7
67;BI;HomeZoo;4.77;Plays;32;/;75;=;42.7%;Wins;8;/;32;=;25%;PWR;=;1.5;2.4;0.6;2.8;0.2
68;Z;chapel;5.02;Plays;30;/;76;=;39.5%;Wins;8;/;30;=;26.7%;PWR;=;1.5;2.4;0.6;2.8;0.2
69;O;unusualarchitecture;4.72;Plays;41;/;85;=;48.2%;Wins;9;/;41;=;22%;PWR;=;1.5;2.3;0.7;2.7;0.3
369;WM;Bonfire;5.09;Plays;165;/;390;=;42.3%;Wins;39;/;165;=;23.6%;PWR;=;1.4;1.8;1.0;2.0;0.8
370;WM;ReedNursery;5.15;Plays;138;/;378;=;36.5%;Wins;38;/;138;=;27.5%;PWR;=;1.4;1.8;1.0;2.0;0.8
371;WM;WineCloset;4.85;Plays;167;/;401;=;41.6%;Wins;39;/;167;=;23.4%;PWR;=;1.4;1.8;1.0;2.0;0.8
372;E;woodcutter;4.26;Plays;210;/;353;=;59.5%;Wins;35;/;210;=;16.7%;PWR;=;1.4;1.8;1.0;2.0;0.8
373;E;cook;5.90;Plays;122;/;376;=;32.4%;Wins;37;/;122;=;30.3%;PWR;=;1.4;1.8;1.0;2.0;0.8
374;K;shepherdboy;5.45;Plays;99;/;381;=;26%;Wins;37;/;99;=;37.4%;PWR;=;1.4;1.8;1.0;2.0;0.8
375;K;stoneexchange;5.26;Plays;188;/;428;=;43.9%;Wins;42;/;188;=;22.3%;PWR;=;1.4;1.8;1.0;1.9;0.9
198;G5;RenovationMaterials;5.00;Plays;83;/;240;=;34.6%;Wins;23;/;83;=;27.7%;PWR;=;1.4;1.9;0.9;2.1;0.7
199;G4;RockGarden;5.49;Plays;94;/;225;=;41.8%;Wins;22;/;94;=;23.4%;PWR;=;1.4;1.9;0.9;2.1;0.7
200;G5;Dentist;4.32;Plays;88;/;188;=;46.8%;Wins;18;/;88;=;20.5%;PWR;=;1.4;1.9;0.9;2.2;0.6
201;G5;GymTrainer;6.05;Plays;37;/;200;=;18.5%;Wins;19;/;37;=;51.4%;PWR;=;1.4;1.9;0.9;2.2;0.6
202;G4;LandSurveyor;5.40;Plays;57;/;191;=;29.8%;Wins;19;/;57;=;33.3%;PWR;=;1.4;1.9;0.9;2.2;0.6
203;G5;Clerk;5.37;Plays;77;/;200;=;38.5%;Wins;19;/;77;=;24.7%;PWR;=;1.4;1.9;0.9;2.2;0.6
204;G5;FriendlyWorker;4.53;Plays;86;/;188;=;45.7%;Wins;19;/;86;=;22.1%;PWR;=;1.4;1.9;0.9;2.2;0.6
205;G4;RealEstateAgent;4.99;Plays;83;/;203;=;40.9%;Wins;20;/;83;=;24.1%;PWR;=;1.4;1.9;0.9;2.2;0.6
206;G5;RiceFarmer;4.57;Plays;100;/;213;=;46.9%;Wins;21;/;100;=;21%;PWR;=;1.4;1.9;0.9;2.2;0.6
70;Z;venusfigure;4.14;Plays;41;/;95;=;43.2%;Wins;9;/;41;=;22%;PWR;=;1.4;2.2;0.6;2.5;0.3
71;BI;ProtestSinger;5.19;Plays;11;/;42;=;26.2%;Wins;4;/;11;=;36.4%;PWR;=;1.4;2.5;0.3;3.1;0.0
72;PI;WoundedVeteran;4.08;Plays;43;/;95;=;45.3%;Wins;9;/;43;=;20.9%;PWR;=;1.4;2.2;0.6;2.5;0.3
73;Z;gentleman;5.41;Plays;17;/;60;=;28.3%;Wins;6;/;17;=;35.3%;PWR;=;1.4;2.4;0.4;2.8;0.0
376;FR;AppleGarden;5.56;Plays;118;/;372;=;31.7%;Wins;34;/;118;=;28.8%;PWR;=;1.3;1.7;0.9;1.9;0.7
377;WM;Apprenticeship;5.66;Plays;114;/;414;=;27.5%;Wins;38;/;114;=;33.3%;PWR;=;1.3;1.7;0.9;1.9;0.7
378;FR;BreakfastOutdoors;5.26;Plays;121;/;373;=;32.4%;Wins;35;/;121;=;28.9%;PWR;=;1.3;1.7;0.9;1.9;0.7
379;I;bakerskitchen;4.99;Plays;143;/;416;=;34.4%;Wins;38;/;143;=;26.6%;PWR;=;1.3;1.7;0.9;1.8;0.8
380;I;harrow;5.13;Plays;210;/;428;=;49.1%;Wins;38;/;210;=;18.1%;PWR;=;1.3;1.7;0.9;1.8;0.8
381;I;clayplasterer;4.95;Plays;153;/;364;=;42%;Wins;34;/;153;=;22.2%;PWR;=;1.3;1.7;0.9;1.9;0.7
382;I;stonecarver;5.42;Plays;157;/;416;=;37.7%;Wins;39;/;157;=;24.8%;PWR;=;1.3;1.7;0.9;1.8;0.8
383;I;pavedroad;5.36;Plays;119;/;413;=;28.8%;Wins;38;/;119;=;31.9%;PWR;=;1.3;1.7;0.9;1.9;0.7
384;E;potatodibber;5.78;Plays;133;/;380;=;35%;Wins;34;/;133;=;25.6%;PWR;=;1.3;1.7;0.9;1.9;0.7
385;I;schnapsdistillery;5.34;Plays;114;/;426;=;26.8%;Wins;39;/;114;=;34.2%;PWR;=;1.3;1.7;0.9;1.8;0.8
386;E;stonetongs;5.40;Plays;139;/;428;=;32.5%;Wins;38;/;139;=;27.3%;PWR;=;1.3;1.7;0.9;1.8;0.8
387;I;wildlifereserve;5.20;Plays;175;/;397;=;44.1%;Wins;35;/;175;=;20%;PWR;=;1.3;1.7;0.9;1.9;0.7
388;FR;Fiddler;5.32;Plays;115;/;392;=;29.3%;Wins;36;/;115;=;31.3%;PWR;=;1.3;1.7;0.9;1.9;0.7
389;FR;LemonTrader;5.36;Plays;109;/;359;=;30.4%;Wins;33;/;109;=;30.3%;PWR;=;1.3;1.7;0.9;1.9;0.7
390;FR;PearPeeler;4.45;Plays;174;/;337;=;51.6%;Wins;30;/;174;=;17.2%;PWR;=;1.3;1.7;0.9;1.9;0.7
207;G4;Bonus;5.20;Plays;65;/;191;=;34%;Wins;17;/;65;=;26.2%;PWR;=;1.3;1.8;0.8;2.1;0.5
208;G4;CornontheCob;5.75;Plays;79;/;268;=;29.5%;Wins;24;/;79;=;30.4%;PWR;=;1.3;1.8;0.8;2.0;0.6
209;G4;Paintbrush;4.68;Plays;96;/;205;=;46.8%;Wins;18;/;96;=;18.8%;PWR;=;1.3;1.8;0.8;2.1;0.5
210;G4;Panda;5.12;Plays;63;/;210;=;30%;Wins;19;/;63;=;30.2%;PWR;=;1.3;1.8;0.8;2.1;0.5
211;G5;WishingFountain;4.56;Plays;65;/;213;=;30.5%;Wins;20;/;65;=;30.8%;PWR;=;1.3;1.8;0.8;2.1;0.5
212;G4;BraidMaker;4.70;Plays;95;/;206;=;46.1%;Wins;19;/;95;=;20%;PWR;=;1.3;1.8;0.8;2.1;0.5
213;G5;IndenturedServant;4.86;Plays;85;/;223;=;38.1%;Wins;21;/;85;=;24.7%;PWR;=;1.3;1.8;0.8;2.1;0.5
214;G4;LivestockExpert;4.78;Plays;91;/;198;=;46%;Wins;18;/;91;=;19.8%;PWR;=;1.3;1.8;0.8;2.1;0.5
215;G4;MidnightFencer;5.63;Plays;57;/;181;=;31.5%;Wins;17;/;57;=;29.8%;PWR;=;1.3;1.9;0.7;2.1;0.5
74;BI;Custard;4.74;Plays;25;/;86;=;29.1%;Wins;8;/;25;=;32%;PWR;=;1.3;2.1;0.5;2.5;0.1
75;BI;RavensbrgerSpinningM;4.68;Plays;22;/;43;=;51.2%;Wins;4;/;22;=;18.2%;PWR;=;1.3;2.4;0.2;3.0;0.0
76;PI;Altruist;3.79;Plays;35;/;80;=;43.8%;Wins;7;/;35;=;20%;PWR;=;1.3;2.1;0.5;2.6;0.0
391;WM;WildBreeding;6.09;Plays;120;/;389;=;30.8%;Wins;32;/;120;=;26.7%;PWR;=;1.2;1.6;0.8;1.8;0.6
392;K;bakehouse;4.97;Plays;156;/;445;=;35.1%;Wins;36;/;156;=;23.1%;PWR;=;1.2;1.6;0.8;1.7;0.7
393;E;cattlemarket;5.55;Plays;118;/;401;=;29.4%;Wins;34;/;118;=;28.8%;PWR;=;1.2;1.6;0.8;1.8;0.6
394;E;yeomanfarmer;5.69;Plays;113;/;369;=;30.6%;Wins;30;/;113;=;26.5%;PWR;=;1.2;1.6;0.8;1.8;0.6
395;E;fishingrod;4.62;Plays;190;/;373;=;50.9%;Wins;32;/;190;=;16.8%;PWR;=;1.2;1.6;0.8;1.8;0.6
396;I;watercarrier;5.46;Plays;106;/;344;=;30.8%;Wins;29;/;106;=;27.4%;PWR;=;1.2;1.6;0.8;1.8;0.6
397;I;cowherd;5.74;Plays;100;/;382;=;26.2%;Wins;33;/;100;=;33%;PWR;=;1.2;1.6;0.8;1.8;0.6
398;I;streetmusician;5.15;Plays;119;/;345;=;34.5%;Wins;29;/;119;=;24.4%;PWR;=;1.2;1.6;0.8;1.8;0.6
399;K;schnapsdistiller;4.96;Plays;171;/;423;=;40.4%;Wins;36;/;171;=;21.1%;PWR;=;1.2;1.6;0.8;1.7;0.7
400;K;tinsmith;5.46;Plays;109;/;393;=;27.7%;Wins;32;/;109;=;29.4%;PWR;=;1.2;1.6;0.8;1.8;0.6
401;WM;BranchCollector;5.75;Plays;92;/;334;=;27.5%;Wins;29;/;92;=;31.5%;PWR;=;1.2;1.6;0.8;1.8;0.6
402;WM;Hunter;5.01;Plays;147;/;378;=;38.9%;Wins;31;/;147;=;21.1%;PWR;=;1.2;1.6;0.8;1.8;0.6
403;WM;WoodWorker;5.60;Plays;133;/;372;=;35.8%;Wins;32;/;133;=;24.1%;PWR;=;1.2;1.6;0.8;1.8;0.6
404;FR;AnimalWelfarist;5.12;Plays;117;/;358;=;32.7%;Wins;30;/;117;=;25.6%;PWR;=;1.2;1.6;0.8;1.8;0.6
405;FR;MartialArtist;5.57;Plays;86;/;362;=;23.8%;Wins;30;/;86;=;34.9%;PWR;=;1.2;1.6;0.8;1.8;0.6
406;FR;UnicycleDriver;5.13;Plays;122;/;357;=;34.2%;Wins;30;/;122;=;24.6%;PWR;=;1.2;1.6;0.8;1.8;0.6
216;G4;PetDoor;5.58;Plays;64;/;218;=;29.4%;Wins;18;/;64;=;28.1%;PWR;=;1.2;1.7;0.7;2.0;0.4
217;G5;Tea;5.64;Plays;53;/;181;=;29.3%;Wins;15;/;53;=;28.3%;PWR;=;1.2;1.8;0.6;2.0;0.4
218;G4;Beastmaster;4.77;Plays;66;/;200;=;33%;Wins;17;/;66;=;25.8%;PWR;=;1.2;1.7;0.7;2.0;0.4
219;G4;PenBuilder;4.84;Plays;65;/;183;=;35.5%;Wins;15;/;65;=;23.1%;PWR;=;1.2;1.7;0.7;2.0;0.4
220;G4;FootballPlayer;5.30;Plays;64;/;197;=;32.5%;Wins;16;/;64;=;25%;PWR;=;1.2;1.7;0.7;2.0;0.4
221;G5;Smuggler;4.81;Plays;78;/;186;=;41.9%;Wins;16;/;78;=;20.5%;PWR;=;1.2;1.7;0.7;2.0;0.4
222;G4;Groupie;4.64;Plays;51;/;167;=;30.5%;Wins;14;/;51;=;27.5%;PWR;=;1.2;1.8;0.6;2.1;0.3
77;PI;Retirement;5.15;Plays;24;/;69;=;34.8%;Wins;6;/;24;=;25%;PWR;=;1.2;2.1;0.3;2.5;0.0
407;WM;Kindling;5.09;Plays;147;/;391;=;37.6%;Wins;30;/;147;=;20.4%;PWR;=;1.1;1.5;0.7;1.7;0.5
408;FR;TriptotheLake;4.38;Plays;175;/;398;=;44%;Wins;31;/;175;=;17.7%;PWR;=;1.1;1.5;0.7;1.7;0.5
409;FR;VegetableHarvest;5.63;Plays;154;/;381;=;40.4%;Wins;28;/;154;=;18.2%;PWR;=;1.1;1.5;0.7;1.7;0.5
410;K;cookinghearth;4.87;Plays;182;/;441;=;41.3%;Wins;33;/;182;=;18.1%;PWR;=;1.1;1.5;0.7;1.6;0.6
411;I;fieldsman;5.83;Plays;85;/;349;=;24.4%;Wins;26;/;85;=;30.6%;PWR;=;1.1;1.5;0.7;1.7;0.5
412;K;travelingsalesman;5.41;Plays;123;/;392;=;31.4%;Wins;31;/;123;=;25.2%;PWR;=;1.1;1.5;0.7;1.7;0.5
413;K;tanner;5.57;Plays;116;/;361;=;32.1%;Wins;28;/;116;=;24.1%;PWR;=;1.1;1.5;0.7;1.7;0.5
414;E;marketstall;5.59;Plays;130;/;440;=;29.5%;Wins;35;/;130;=;26.9%;PWR;=;1.1;1.5;0.7;1.6;0.6
415;E;raft;4.74;Plays;166;/;374;=;44.4%;Wins;30;/;166;=;18.1%;PWR;=;1.1;1.5;0.7;1.7;0.5
416;FR;SunFarmer;4.70;Plays;194;/;401;=;48.4%;Wins;32;/;194;=;16.5%;PWR;=;1.1;1.5;0.7;1.7;0.5
417;WM;TavernKeeper;5.58;Plays;107;/;360;=;29.7%;Wins;27;/;107;=;25.2%;PWR;=;1.1;1.5;0.7;1.7;0.5
223;G4;CountrySilo;4.18;Plays;105;/;232;=;45.3%;Wins;18;/;105;=;17.1%;PWR;=;1.1;1.6;0.6;1.8;0.4
224;G4;FruitTreeHouse;4.70;Plays;61;/;180;=;33.9%;Wins;14;/;61;=;23%;PWR;=;1.1;1.7;0.5;1.9;0.3
225;G4;Kudzu;5.55;Plays;58;/;217;=;26.7%;Wins;16;/;58;=;27.6%;PWR;=;1.1;1.6;0.6;1.9;0.3
226;G4;BargainHunter;5.18;Plays;60;/;190;=;31.6%;Wins;14;/;60;=;23.3%;PWR;=;1.1;1.6;0.6;1.9;0.3
78;Z;barbecue;5.58;Plays;32;/;127;=;25.2%;Wins;10;/;32;=;31.3%;PWR;=;1.1;1.8;0.4;2.1;0.1
79;O;childprodigy;5.33;Plays;22;/;93;=;23.7%;Wins;7;/;22;=;31.8%;PWR;=;1.1;1.9;0.3;2.3;0.0
80;BI;Survivalist;6.05;Plays;11;/;64;=;17.2%;Wins;5;/;11;=;45.5%;PWR;=;1.1;2.0;0.2;2.5;0.0
81;BI;LinenWeaver;4.82;Plays;14;/;53;=;26.4%;Wins;4;/;14;=;28.6%;PWR;=;1.1;2.1;0.1;2.6;0.0
418;FR;Bathroom;6.10;Plays;78;/;343;=;22.7%;Wins;25;/;78;=;32.1%;PWR;=;1.0;1.4;0.6;1.6;0.4
419;WM;Brazier;5.59;Plays;126;/;401;=;31.4%;Wins;28;/;126;=;22.2%;PWR;=;1.0;1.4;0.6;1.6;0.4
420;WM;EdibleRoots;5.87;Plays;84;/;388;=;21.6%;Wins;26;/;84;=;31%;PWR;=;1.0;1.4;0.6;1.6;0.4
421;K;brewery;5.64;Plays;81;/;411;=;19.7%;Wins;28;/;81;=;34.6%;PWR;=;1.0;1.4;0.6;1.6;0.4
422;E;cattlewhisperer;5.50;Plays;106;/;376;=;28.2%;Wins;25;/;106;=;23.6%;PWR;=;1.0;1.4;0.6;1.6;0.4
423;E;conjurer;4.80;Plays;136;/;385;=;35.3%;Wins;27;/;136;=;19.9%;PWR;=;1.0;1.4;0.6;1.6;0.4
424;E;storyteller;4.87;Plays;139;/;367;=;37.9%;Wins;26;/;139;=;18.7%;PWR;=;1.0;1.4;0.6;1.6;0.4
425;I;groom;5.27;Plays;111;/;362;=;30.7%;Wins;26;/;111;=;23.4%;PWR;=;1.0;1.4;0.6;1.6;0.4
426;K;stonebreaker;5.58;Plays;89;/;378;=;23.5%;Wins;26;/;89;=;29.2%;PWR;=;1.0;1.4;0.6;1.6;0.4
427;K;weaver;5.89;Plays;60;/;391;=;15.3%;Wins;27;/;60;=;45%;PWR;=;1.0;1.4;0.6;1.6;0.4
428;K;sawmill;5.38;Plays;121;/;405;=;29.9%;Wins;27;/;121;=;22.3%;PWR;=;1.0;1.4;0.6;1.6;0.4
429;E;spices;5.87;Plays;114;/;411;=;27.7%;Wins;28;/;114;=;24.6%;PWR;=;1.0;1.4;0.6;1.6;0.4
430;E;spindle;5.87;Plays;83;/;372;=;22.3%;Wins;26;/;83;=;31.3%;PWR;=;1.0;1.4;0.6;1.6;0.4
431;I;weeklymarket;5.66;Plays;84;/;406;=;20.7%;Wins;28;/;84;=;33.3%;PWR;=;1.0;1.4;0.6;1.6;0.4
432;WM;BreadCarrier;5.53;Plays;103;/;363;=;28.4%;Wins;25;/;103;=;24.3%;PWR;=;1.0;1.4;0.6;1.6;0.4
433;FR;DrawingGenius;5.56;Plays;70;/;357;=;19.6%;Wins;24;/;70;=;34.3%;PWR;=;1.0;1.4;0.6;1.6;0.4
434;WM;Cowboy;5.76;Plays;83;/;317;=;26.2%;Wins;23;/;83;=;27.7%;PWR;=;1.0;1.4;0.6;1.6;0.4
435;FR;Prefect;5.73;Plays;96;/;354;=;27.1%;Wins;26;/;96;=;27.1%;PWR;=;1.0;1.4;0.6;1.6;0.4
436;FR;Prosecutor;5.73;Plays;72;/;369;=;19.5%;Wins;26;/;72;=;36.1%;PWR;=;1.0;1.4;0.6;1.6;0.4
227;G4;InteriorDesign;4.71;Plays;79;/;224;=;35.3%;Wins;15;/;79;=;19%;PWR;=;1.0;1.5;0.5;1.7;0.3
228;G4;ChimneySweep;5.44;Plays;60;/;199;=;30.2%;Wins;14;/;60;=;23.3%;PWR;=;1.0;1.5;0.5;1.8;0.2
82;BI;BielefeldCards;4.08;Plays;20;/;44;=;45.5%;Wins;3;/;20;=;15%;PWR;=;1.0;2.1;0.0;2.7;0.0
83;BI;Conspiracy;4.89;Plays;13;/;43;=;30.2%;Wins;3;/;13;=;23.1%;PWR;=;1.0;2.1;0.0;2.7;0.0
84;PI;MarketSquare;5.34;Plays;35;/;102;=;34.3%;Wins;7;/;35;=;20%;PWR;=;1.0;1.7;0.3;2.1;0.0
85;BI;WhiteBrazilian;5.04;Plays;22;/;44;=;50%;Wins;3;/;22;=;13.6%;PWR;=;1.0;2.1;0.0;2.7;0.0
86;Z;sower;5.56;Plays;30;/;100;=;30%;Wins;7;/;30;=;23.3%;PWR;=;1.0;1.7;0.3;2.1;0.0
437;WM;FishPond;5.59;Plays;101;/;377;=;26.8%;Wins;23;/;101;=;22.8%;PWR;=;0.9;1.3;0.5;1.5;0.3
438;FR;KitchenTable;5.60;Plays;119;/;423;=;28.1%;Wins;28;/;119;=;23.5%;PWR;=;0.9;1.3;0.5;1.4;0.4
439;WM;PrizewinningSheep;5.90;Plays;102;/;428;=;23.8%;Wins;26;/;102;=;25.5%;PWR;=;0.9;1.3;0.5;1.4;0.4
440;I;animalfeed;5.84;Plays;62;/;390;=;15.9%;Wins;24;/;62;=;38.7%;PWR;=;0.9;1.3;0.5;1.5;0.3
441;E;basket;5.25;Plays;103;/;452;=;22.8%;Wins;28;/;103;=;27.2%;PWR;=;0.9;1.2;0.6;1.4;0.4
442;E;maid;5.84;Plays;68;/;348;=;19.5%;Wins;21;/;68;=;30.9%;PWR;=;0.9;1.3;0.5;1.5;0.3
443;E;fisherman;5.18;Plays;108;/;352;=;30.7%;Wins;22;/;108;=;20.4%;PWR;=;0.9;1.3;0.5;1.5;0.3
444;E;potter;5.89;Plays;93;/;399;=;23.3%;Wins;24;/;93;=;25.8%;PWR;=;0.9;1.3;0.5;1.5;0.3
445;E;quarryman;5.99;Plays;91;/;400;=;22.8%;Wins;25;/;91;=;27.5%;PWR;=;0.9;1.3;0.5;1.5;0.3
446;E;gypsysrock;6.10;Plays;95;/;379;=;25.1%;Wins;23;/;95;=;24.2%;PWR;=;0.9;1.3;0.5;1.5;0.3
447;I;juggler;4.84;Plays;105;/;362;=;29%;Wins;22;/;105;=;21%;PWR;=;0.9;1.3;0.5;1.5;0.3
448;I;sycophant;5.13;Plays;114;/;390;=;29.2%;Wins;24;/;114;=;21.1%;PWR;=;0.9;1.3;0.5;1.5;0.3
449;E;millstone;5.31;Plays;93;/;384;=;24.2%;Wins;25;/;93;=;26.9%;PWR;=;0.9;1.3;0.5;1.5;0.3
450;I;tavern;5.87;Plays;65;/;369;=;17.6%;Wins;24;/;65;=;36.9%;PWR;=;0.9;1.3;0.5;1.5;0.3
451;E;woodfiredoven;4.85;Plays;155;/;442;=;35.1%;Wins;29;/;155;=;18.7%;PWR;=;0.9;1.3;0.5;1.4;0.4
452;WM;ExpertBuilder;5.56;Plays;89;/;362;=;24.6%;Wins;22;/;89;=;24.7%;PWR;=;0.9;1.3;0.5;1.5;0.3
229;G5;Hoe;5.01;Plays;69;/;200;=;34.5%;Wins;13;/;69;=;18.8%;PWR;=;0.9;1.4;0.4;1.7;0.1
230;G4;RottenPlow;5.38;Plays;61;/;197;=;31%;Wins;13;/;61;=;21.3%;PWR;=;0.9;1.4;0.4;1.7;0.1
231;G5;Spade;5.43;Plays;72;/;210;=;34.3%;Wins;13;/;72;=;18.1%;PWR;=;0.9;1.4;0.4;1.7;0.1
232;G5;Pioneer;5.52;Plays;39;/;211;=;18.5%;Wins;14;/;39;=;35.9%;PWR;=;0.9;1.4;0.4;1.7;0.1
87;O;skiinstructor;5.88;Plays;19;/;78;=;24.4%;Wins;5;/;19;=;26.3%;PWR;=;0.9;1.7;0.1;2.2;0.0
88;O;spielefest;5.25;Plays;14;/;84;=;16.7%;Wins;5;/;14;=;35.7%;PWR;=;0.9;1.7;0.1;2.1;0.0
89;Z;seedtrader;5.10;Plays;26;/;49;=;53.1%;Wins;3;/;26;=;11.5%;PWR;=;0.9;2.0;0.0;2.5;0.0
453;I;copse;5.76;Plays;73;/;358;=;20.4%;Wins;19;/;73;=;26%;PWR;=;0.8;1.2;0.4;1.4;0.2
454;E;claymixer;5.01;Plays;130;/;372;=;34.9%;Wins;22;/;130;=;16.9%;PWR;=;0.8;1.2;0.4;1.4;0.2
455;E;mendicant;6.05;Plays;93;/;377;=;24.7%;Wins;22;/;93;=;23.7%;PWR;=;0.8;1.2;0.4;1.4;0.2
456;E;masterforester;5.62;Plays;91;/;357;=;25.5%;Wins;19;/;91;=;20.9%;PWR;=;0.8;1.2;0.4;1.4;0.2
457;K;animalhandler;5.97;Plays;66;/;371;=;17.8%;Wins;20;/;66;=;30.3%;PWR;=;0.8;1.2;0.4;1.4;0.2
458;K;foreman;5.66;Plays;86;/;379;=;22.7%;Wins;21;/;86;=;24.4%;PWR;=;0.8;1.2;0.4;1.4;0.2
459;K;pigwhisperer;5.70;Plays;63;/;392;=;16.1%;Wins;21;/;63;=;33.3%;PWR;=;0.8;1.2;0.4;1.4;0.2
460;FR;ManualLabourer;5.43;Plays;94;/;379;=;24.8%;Wins;22;/;94;=;23.4%;PWR;=;0.8;1.2;0.4;1.4;0.2
461;FR;WoodGatherers;5.67;Plays;94;/;385;=;24.4%;Wins;21;/;94;=;22.3%;PWR;=;0.8;1.2;0.4;1.4;0.2
233;G4;HuntsmansRifle;4.68;Plays;100;/;228;=;43.9%;Wins;12;/;100;=;12%;PWR;=;0.8;1.3;0.3;1.5;0.1
234;G5;BlackberryFarmer;5.31;Plays;59;/;211;=;28%;Wins;12;/;59;=;20.3%;PWR;=;0.8;1.3;0.3;1.6;0.0
235;G4;StockBroker;5.30;Plays;50;/;219;=;22.8%;Wins;12;/;50;=;24%;PWR;=;0.8;1.3;0.3;1.6;0.0
90;O;coffeehouse;5.09;Plays;17;/;87;=;19.5%;Wins;5;/;17;=;29.4%;PWR;=;0.8;1.6;0.0;2.0;0.0
91;PI;Backpacker;5.73;Plays;13;/;53;=;24.5%;Wins;3;/;13;=;23.1%;PWR;=;0.8;1.8;0.0;2.3;0.0
462;WM;AnimalNursery;5.95;Plays;60;/;376;=;16%;Wins;18;/;60;=;30%;PWR;=;0.7;1.1;0.3;1.3;0.1
463;FR;Chameleon;6.05;Plays;67;/;369;=;18.2%;Wins;18;/;67;=;26.9%;PWR;=;0.7;1.1;0.3;1.3;0.1
464;FR;Necklace;5.91;Plays;78;/;389;=;20.1%;Wins;19;/;78;=;24.4%;PWR;=;0.7;1.1;0.3;1.3;0.1
465;FR;WoodSaw;5.25;Plays;84;/;374;=;22.5%;Wins;18;/;84;=;21.4%;PWR;=;0.7;1.1;0.3;1.3;0.1
466;K;breadpaddle;5.53;Plays;101;/;434;=;23.3%;Wins;22;/;101;=;21.8%;PWR;=;0.7;1.1;0.3;1.2;0.2
467;E;masterbrewer;5.84;Plays;47;/;376;=;12.5%;Wins;18;/;47;=;38.3%;PWR;=;0.7;1.1;0.3;1.3;0.1
468;E;feedpellets;6.03;Plays;80;/;405;=;19.8%;Wins;20;/;80;=;25%;PWR;=;0.7;1.1;0.3;1.3;0.1
469;I;manure;5.95;Plays;76;/;386;=;19.7%;Wins;19;/;76;=;25%;PWR;=;0.7;1.1;0.3;1.3;0.1
470;WM;Chemist;5.77;Plays;65;/;360;=;18.1%;Wins;18;/;65;=;27.7%;PWR;=;0.7;1.1;0.3;1.3;0.1
471;WM;Minimalist;5.31;Plays;88;/;378;=;23.3%;Wins;18;/;88;=;20.5%;PWR;=;0.7;1.1;0.3;1.3;0.1
236;G4;CokeStove;5.96;Plays;35;/;205;=;17.1%;Wins;10;/;35;=;28.6%;PWR;=;0.7;1.2;0.2;1.5;0.0
237;G5;OpenFields;5.92;Plays;28;/;209;=;13.4%;Wins;10;/;28;=;35.7%;PWR;=;0.7;1.2;0.2;1.5;0.0
238;G5;OxSkull;5.94;Plays;32;/;227;=;14.1%;Wins;11;/;32;=;34.4%;PWR;=;0.7;1.2;0.2;1.4;0.0
92;PI;FishingPier;4.51;Plays;37;/;82;=;45.1%;Wins;4;/;37;=;10.8%;PWR;=;0.7;1.5;0.0;1.9;0.0
93;BI;Vampire;4.80;Plays;15;/;42;=;35.7%;Wins;2;/;15;=;13.3%;PWR;=;0.7;1.8;0.0;2.4;0.0
472;WM;FriendlyPastures;6.00;Plays;73;/;383;=;19.1%;Wins;17;/;73;=;23.3%;PWR;=;0.6;1.0;0.2;1.2;0.0
473;FR;WildGame;5.60;Plays;87;/;354;=;24.6%;Wins;15;/;87;=;17.2%;PWR;=;0.6;1.0;0.2;1.2;0.0
474;E;drinkingtrough;5.61;Plays;97;/;388;=;25%;Wins;17;/;97;=;17.5%;PWR;=;0.6;1.0;0.2;1.2;0.0
475;E;meatseller;6.25;Plays;52;/;372;=;14%;Wins;16;/;52;=;30.8%;PWR;=;0.6;1.0;0.2;1.2;0.0
476;E;swineherd;5.99;Plays;73;/;355;=;20.6%;Wins;16;/;73;=;21.9%;PWR;=;0.6;1.0;0.2;1.2;0.0
477;K;flail;5.80;Plays;54;/;411;=;13.1%;Wins;16;/;54;=;29.6%;PWR;=;0.6;1.0;0.2;1.2;0.0
478;I;cabinetmaker;5.89;Plays;54;/;360;=;15%;Wins;15;/;54;=;27.8%;PWR;=;0.6;1.0;0.2;1.2;0.0
479;I;outrider;5.84;Plays;95;/;377;=;25.2%;Wins;17;/;95;=;17.9%;PWR;=;0.6;1.0;0.2;1.2;0.0
480;K;animaltamer;5.87;Plays;80;/;388;=;20.6%;Wins;15;/;80;=;18.8%;PWR;=;0.6;1.0;0.2;1.2;0.0
481;K;slaughterman;6.21;Plays;44;/;396;=;11.1%;Wins;16;/;44;=;36.4%;PWR;=;0.6;1.0;0.2;1.2;0.0
482;K;basinmaker;6.00;Plays;56;/;359;=;15.6%;Wins;15;/;56;=;26.8%;PWR;=;0.6;1.0;0.2;1.2;0.0
483;K;storehouseclerk;5.92;Plays;67;/;393;=;17%;Wins;17;/;67;=;25.4%;PWR;=;0.6;1.0;0.2;1.2;0.0
484;E;outhouse;5.43;Plays;117;/;437;=;26.8%;Wins;19;/;117;=;16.2%;PWR;=;0.6;1.0;0.2;1.1;0.1
485;E;plane;5.66;Plays;52;/;396;=;13.1%;Wins;17;/;52;=;32.7%;PWR;=;0.6;1.0;0.2;1.2;0.0
486;E;shepherdspipe;5.83;Plays;87;/;375;=;23.2%;Wins;16;/;87;=;18.4%;PWR;=;0.6;1.0;0.2;1.2;0.0
487;I;slaughterhouse;5.98;Plays;68;/;393;=;17.3%;Wins;16;/;68;=;23.5%;PWR;=;0.6;1.0;0.2;1.2;0.0
488;K;spitroast;5.79;Plays;91;/;457;=;19.9%;Wins;18;/;90;=;20%;PWR;=;0.6;0.9;0.3;1.1;0.1
489;WM;Permaculturist;5.57;Plays;55;/;355;=;15.5%;Wins;15;/;55;=;27.3%;PWR;=;0.6;1.0;0.2;1.2;0.0
239;G5;Investments;6.06;Plays;43;/;227;=;18.9%;Wins;10;/;43;=;23.3%;PWR;=;0.6;1.1;0.1;1.3;0.0
94;Z;brewerscopper;5.68;Plays;17;/;93;=;18.3%;Wins;4;/;17;=;23.5%;PWR;=;0.6;1.4;0.0;1.8;0.0
95;Z;cubecutter;5.71;Plays;26;/;110;=;23.6%;Wins;5;/;26;=;19.2%;PWR;=;0.6;1.3;0.0;1.7;0.0
96;Z;taxidermist;6.13;Plays;20;/;117;=;17.1%;Wins;5;/;20;=;25%;PWR;=;0.6;1.3;0.0;1.6;0.0
490;E;merchant;5.89;Plays;56;/;391;=;14.3%;Wins;14;/;56;=;25%;PWR;=;0.5;0.9;0.1;1.1;0.0
491;I;stonebuyer;5.51;Plays;85;/;377;=;22.5%;Wins;12;/;85;=;14.1%;PWR;=;0.5;0.9;0.1;1.1;0.0
492;K;forester;5.43;Plays;88;/;384;=;22.9%;Wins;14;/;88;=;15.9%;PWR;=;0.5;0.9;0.1;1.1;0.0
493;E;windmill;6.04;Plays;37;/;383;=;9.7%;Wins;13;/;37;=;35.1%;PWR;=;0.5;0.9;0.1;1.1;0.0
494;I;woodencrane;5.46;Plays;77;/;377;=;20.4%;Wins;13;/;77;=;16.9%;PWR;=;0.5;0.9;0.1;1.1;0.0
495;FR;AwardWinner;5.71;Plays;44;/;353;=;12.5%;Wins;12;/;44;=;27.3%;PWR;=;0.5;0.9;0.1;1.1;0.0
496;WM;GemHunter;5.39;Plays;88;/;364;=;24.2%;Wins;14;/;88;=;15.9%;PWR;=;0.5;0.9;0.1;1.1;0.0
240;G4;Archer;5.88;Plays;23;/;185;=;12.4%;Wins;7;/;23;=;30.4%;PWR;=;0.5;1.0;0.0;1.3;0.0
97;PI;Contortionist;5.11;Plays;10;/;59;=;16.9%;Wins;2;/;10;=;20%;PWR;=;0.5;1.5;0.0;2.0;0.0
98;PI;PestExterminator;4.95;Plays;13;/;87;=;14.9%;Wins;3;/;13;=;23.1%;PWR;=;0.5;1.3;0.0;1.7;0.0
497;WM;FreeRangeChickens;5.71;Plays;31;/;358;=;8.7%;Wins;9;/;31;=;29%;PWR;=;0.4;0.8;0.0;1.0;0.0
498;K;clapper;6.10;Plays;47;/;381;=;12.3%;Wins;12;/;47;=;25.5%;PWR;=;0.4;0.8;0.0;1.0;0.0
499;E;stonecarrier;5.77;Plays;51;/;353;=;14.4%;Wins;10;/;51;=;19.6%;PWR;=;0.4;0.8;0.0;1.0;0.0
500;E;academic;5.94;Plays;46;/;379;=;12.1%;Wins;11;/;46;=;23.9%;PWR;=;0.4;0.8;0.0;1.0;0.0
501;E;estatemanager;6.08;Plays;41;/;373;=;11%;Wins;10;/;41;=;24.4%;PWR;=;0.4;0.8;0.0;1.0;0.0
502;E;clayfirer;5.94;Plays;33;/;368;=;9%;Wins;9;/;33;=;27.3%;PWR;=;0.4;0.8;0.0;1.0;0.0
503;I;netfisherman;5.29;Plays;84;/;376;=;22.3%;Wins;10;/;84;=;11.9%;PWR;=;0.4;0.8;0.0;1.0;0.0
504;K;framebuilder;5.86;Plays;65;/;366;=;17.8%;Wins;10;/;64;=;15.6%;PWR;=;0.4;0.8;0.0;1.0;0.0
505;K;smallholder;6.46;Plays;22;/;368;=;6%;Wins;9;/;22;=;40.9%;PWR;=;0.4;0.8;0.0;1.0;0.0
506;K;veterinarian;6.12;Plays;42;/;414;=;10.1%;Wins;13;/;42;=;31%;PWR;=;0.4;0.8;0.0;1.0;0.0
507;I;threshingboard;5.92;Plays;57;/;390;=;14.6%;Wins;11;/;57;=;19.3%;PWR;=;0.4;0.8;0.0;1.0;0.0
508;WM;CovetousFarmer;6.28;Plays;27;/;328;=;8.2%;Wins;9;/;27;=;33.3%;PWR;=;0.4;0.8;0.0;1.0;0.0
241;G5;AlternativeMaterials;5.80;Plays;26;/;207;=;12.6%;Wins;6;/;26;=;23.1%;PWR;=;0.4;0.9;0.0;1.2;0.0
242;G4;HermitsStick;5.49;Plays;37;/;214;=;17.3%;Wins;6;/;37;=;16.2%;PWR;=;0.4;0.9;0.0;1.2;0.0
243;G5;KosherButcher;5.76;Plays;22;/;204;=;10.8%;Wins;6;/;22;=;27.3%;PWR;=;0.4;0.9;0.0;1.2;0.0
244;G5;HamGlazer;5.67;Plays;41;/;191;=;21.5%;Wins;6;/;41;=;14.6%;PWR;=;0.4;0.9;0.0;1.2;0.0
99;BI;BakingPowder;4.90;Plays;25;/;71;=;35.2%;Wins;2;/;25;=;8%;PWR;=;0.4;1.3;0.0;1.7;0.0
100;CZ;cz4jackofalltrades;4.76;Plays;12;/;75;=;16%;Wins;2;/;12;=;16.7%;PWR;=;0.4;1.3;0.0;1.7;0.0
101;Z;gamedesigner;5.75;Plays;14;/;73;=;19.2%;Wins;2;/;14;=;14.3%;PWR;=;0.4;1.3;0.0;1.7;0.0
509;E;butterchurn;5.74;Plays;47;/;387;=;12.1%;Wins;8;/;47;=;17%;PWR;=;0.3;0.7;0.0;0.9;0.0
510;E;turner;6.27;Plays;27;/;363;=;7.4%;Wins;7;/;27;=;25.9%;PWR;=;0.3;0.7;0.0;0.9;0.0
511;E;shepherd;6.27;Plays;24;/;337;=;7.1%;Wins;7;/;24;=;29.2%;PWR;=;0.3;0.7;0.0;0.9;0.0
512;I;holidayhouse;6.10;Plays;20;/;373;=;5.4%;Wins;7;/;20;=;35%;PWR;=;0.3;0.7;0.0;0.9;0.0
513;I;sheepwhisperer;6.02;Plays;51;/;362;=;14.1%;Wins;8;/;51;=;15.7%;PWR;=;0.3;0.7;0.0;0.9;0.0
514;I;milkingshed;5.75;Plays;43;/;375;=;11.5%;Wins;9;/;43;=;20.9%;PWR;=;0.3;0.7;0.0;0.9;0.0
515;WM;Pawnbroker;6.56;Plays;14;/;341;=;4.1%;Wins;6;/;14;=;42.9%;PWR;=;0.3;0.7;0.0;0.9;0.0
516;WM;Amazon;5.85;Plays;29;/;342;=;8.5%;Wins;8;/;29;=;27.6%;PWR;=;0.3;0.7;0.0;0.9;0.0
245;G5;BarbecueMan;5.98;Plays;20;/;207;=;9.7%;Wins;5;/;20;=;25%;PWR;=;0.3;0.8;0.0;1.1;0.0
246;G5;Longbowman;6.02;Plays;29;/;197;=;14.7%;Wins;4;/;29;=;13.8%;PWR;=;0.3;0.8;0.0;1.1;0.0
247;G4;OldMiser;5.79;Plays;24;/;212;=;11.3%;Wins;5;/;24;=;20.8%;PWR;=;0.3;0.8;0.0;1.1;0.0
102;O;waltzer;5.36;Plays;24;/;96;=;25%;Wins;2;/;24;=;8.3%;PWR;=;0.3;1.1;0.0;1.4;0.0
103;PI;Alchemist;6.12;Plays;13;/;99;=;13.1%;Wins;2;/;13;=;15.4%;PWR;=;0.3;1.0;0.0;1.4;0.0
517;I;cornstorehouse;5.92;Plays;37;/;379;=;9.8%;Wins;5;/;37;=;13.5%;PWR;=;0.2;0.6;0.0;0.8;0.0
518;E;dockworker;6.35;Plays;18;/;348;=;5.2%;Wins;4;/;18;=;22.2%;PWR;=;0.2;0.6;0.0;0.8;0.0
519;E;animalkeeper;6.15;Plays;33;/;339;=;9.7%;Wins;5;/;33;=;15.2%;PWR;=;0.2;0.6;0.0;0.8;0.0
520;I;handmill;5.91;Plays;40;/;373;=;10.7%;Wins;5;/;40;=;12.5%;PWR;=;0.2;0.6;0.0;0.8;0.0
521;I;claydigger;6.24;Plays;31;/;370;=;8.4%;Wins;6;/;31;=;19.4%;PWR;=;0.2;0.6;0.0;0.8;0.0
522;I;cornprofiteer;5.95;Plays;33;/;406;=;8.1%;Wins;7;/;33;=;21.2%;PWR;=;0.2;0.6;0.0;0.8;0.0
523;I;midwife;5.86;Plays;24;/;348;=;6.9%;Wins;5;/;24;=;20.8%;PWR;=;0.2;0.6;0.0;0.8;0.0
524;I;reedbuyer;5.46;Plays;48;/;357;=;13.4%;Wins;6;/;48;=;12.5%;PWR;=;0.2;0.6;0.0;0.8;0.0
525;FR;CardPlayer;6.19;Plays;15;/;330;=;4.5%;Wins;5;/;15;=;33.3%;PWR;=;0.2;0.6;0.0;0.8;0.0
526;WM;FamilyPlanner;4.78;Plays;41;/;352;=;11.6%;Wins;4;/;41;=;9.8%;PWR;=;0.2;0.6;0.0;0.8;0.0
527;FR;Musketeer;6.31;Plays;18;/;342;=;5.3%;Wins;4;/;18;=;22.2%;PWR;=;0.2;0.6;0.0;0.8;0.0
248;G5;ConsolationPrize;6.29;Plays;19;/;193;=;9.8%;Wins;3;/;19;=;15.8%;PWR;=;0.2;0.7;0.0;1.0;0.0
528;FR;Badger;6.24;Plays;36;/;369;=;9.8%;Wins;3;/;36;=;8.3%;PWR;=;0.1;0.5;0.0;0.7;0.0
529;E;breadseller;6.05;Plays;28;/;352;=;8%;Wins;3;/;28;=;10.7%;PWR;=;0.1;0.5;0.0;0.7;0.0
530;I;butcher;5.78;Plays;10;/;354;=;2.8%;Wins;3;/;10;=;30%;PWR;=;0.1;0.5;0.0;0.7;0.0
531;I;pigcatcher;6.12;Plays;15;/;385;=;3.9%;Wins;4;/;15;=;26.7%;PWR;=;0.1;0.5;0.0;0.7;0.0
532;FR;Agrarian;5.46;Plays;22;/;323;=;6.8%;Wins;3;/;22;=;13.6%;PWR;=;0.1;0.5;0.0;0.7;0.0
249;G4;Entrepreneur;6.28;Plays;15;/;181;=;8.3%;Wins;1;/;15;=;6.7%;PWR;=;0.1;0.7;0.0;0.9;0.0
104;O;buildingtycoon;4.48;Plays;24;/;113;=;21.2%;Wins;1;/;24;=;4.2%;PWR;=;0.1;0.8;0.0;1.2;0.0
533;E;stablemaster;6.38;Plays;16;/;357;=;4.5%;Wins;1;/;16;=;6.3%;PWR;=;0.0;0.4;0.0;0.6;0.0
534;E;masterbaker;6.18;Plays;12;/;337;=;3.6%;Wins;1;/;12;=;8.3%;PWR;=;0.0;0.4;0.0;0.6;0.0
535;K;animaltrainer;5.54;Plays;17;/;391;=;4.3%;Wins;0;/;17;=;0%;PWR;=;0.0;0.4;0.0;0.6;0.0
250;G5;CookingInstructor;6.13;Plays;7;/;192;=;3.6%;;;;;;;;;;;;;
