poradi;verze;jmeno;Hrano;;;;;Vyhralo;;;;;Sila
1;NL;General;73;/;96;=;76,0%;42;/;73;=;57,5%;6,2
2;G;jobseeker;533;/;557;=;95,7%;228;/;533;=;42,8%;5,9
3;NL;DwellingMound;74;/;81;=;91,4%;33;/;74;=;44,6%;5,8
4;WA;NoPotato;92;/;99;=;92,9%;40;/;92;=;43,5%;5,8
5;NL;Navvy;57;/;65;=;87,7%;26;/;57;=;45,6%;5,7
6;NL;OxCart;68;/;75;=;90,7%;29;/;68;=;42,6%;5,5
7;NL;HorseDrawnBoat;68;/;84;=;81,0%;31;/;68;=;45,6%;5,3
8;E;braggart;2725;/;2970;=;91,8%;1096;/;2719;=;40,3%;5,3
9;I;chamberlain;2705;/;2879;=;94,0%;1067;/;2704;=;39,5%;5,3
10;NL;Autodidact;58;/;62;=;93,5%;23;/;58;=;39,7%;5,3
11;NL;Discoverer;53;/;67;=;79,1%;25;/;53;=;47,2%;5,3
12;NL;FieldMessenger;60;/;78;=;76,9%;29;/;60;=;48,3%;5,3
13;FL;JeneverDistillery;72;/;80;=;90,0%;29;/;72;=;40,3%;5,2
14;O;styrianoak;118;/;120;=;98,3%;44;/;118;=;37,3%;5,2
15;NL;Employer;72;/;82;=;87,8%;30;/;72;=;41,7%;5,2
16;FL;Brabant;72;/;79;=;91,1%;28;/;72;=;38,9%;5,1
17;NL;ProlificWriter;56;/;67;=;83,6%;24;/;56;=;42,9%;5,1
18;FL;BeguineCourtyard;38;/;54;=;70,4%;19;/;38;=;50,0%;5
19;E;charcoalburner;2828;/;2958;=;95,6%;1024;/;2824;=;36,3%;5
20;Z;motheroftwins;111;/;133;=;83,5%;47;/;111;=;42,3%;5
21;WA;FrankiPile;72;/;88;=;81,8%;30;/;72;=;41,7%;4,9
22;FL;WildBoarHunt;48;/;58;=;82,8%;20;/;48;=;41,7%;4,9
23;I;fieldwatchman;2825;/;2875;=;98,3%;993;/;2825;=;35,2%;4,9
24;FL;Cosmographer;51;/;70;=;72,9%;24;/;51;=;47,1%;4,9
25;WA;MasterDetective;67;/;91;=;73,6%;31;/;67;=;46,3%;4,9
26;WM;Donkey;2531;/;2984;=;84,8%;1005;/;2530;=;39,7%;4,8
27;FL;LanternWonder;60;/;65;=;92,3%;22;/;60;=;36,7%;4,8
28;WM;Raspberries;2871;/;3029;=;94,8%;1008;/;2868;=;35,1%;4,8
29;K;duckpond;3037;/;3270;=;92,9%;1092;/;3032;=;36,0%;4,8
30;E;grocer;2796;/;2940;=;95,1%;980;/;2790;=;35,1%;4,8
31;K;housegoat;3295;/;3391;=;97,2%;1129;/;3286;=;34,4%;4,8
32;FL;EbonyShoe;51;/;68;=;75,0%;22;/;51;=;43,1%;4,6
37;WM;CloisterDweller;2389;/;2783;=;85,8%;900;/;2386;=;37,7%;4,6
33;K;beehive;2986;/;3297;=;90,6%;1052;/;2975;=;35,4%;4,6
34;E;mason;2397;/;2927;=;81,9%;931;/;2387;=;39,0%;4,6
35;G;familycounselor;543;/;568;=;95,6%;183;/;543;=;33,7%;4,6
36;K;educator;2862;/;3012;=;95,0%;963;/;2856;=;33,7%;4,6
38;BI;MemberofaCooperative;45;/;62;=;72,6%;20;/;45;=;44,4%;4,6
39;NL;GardenWood;62;/;70;=;88,6%;22;/;62;=;35,5%;4,5
40;K;bookshelf;2840;/;3209;=;88,5%;1013;/;2836;=;35,7%;4,5
41;E;carppond;2948;/;3224;=;91,4%;1016;/;2945;=;34,5%;4,5
42;E;fruittree;2948;/;3284;=;89,8%;1035;/;2941;=;35,2%;4,5
43;Z;giantpumpkin;87;/;143;=;60,8%;45;/;87;=;51,7%;4,5
44;I;goosepond;2664;/;3028;=;88,0%;949;/;2663;=;35,6%;4,5
45;E;reedpond;2705;/;3126;=;86,5%;977;/;2700;=;36,2%;4,5
46;FR;ArtistsGarden;213;/;263;=;81,0%;81;/;213;=;38,0%;4,4
47;FR;Camembert;219;/;253;=;86,6%;77;/;219;=;35,2%;4,4
48;WM;DiamondMine;2583;/;3030;=;85,2%;933;/;2582;=;36,1%;4,4
49;FL;TrappistBeer;41;/;65;=;63,1%;20;/;41;=;48,8%;4,4
54;WM;HedgeMaster;2404;/;2722;=;88,3%;842;/;2401;=;35,1%;4,4
50;O;compulsoryeducation;98;/;114;=;86,0%;35;/;98;=;35,7%;4,4
51;CZ;cz1governor;138;/;144;=;95,8%;44;/;138;=;31,9%;4,4
52;G;animalholder;432;/;544;=;79,4%;166;/;431;=;38,5%;4,4
53;I;villageelder;2356;/;2778;=;84,8%;859;/;2356;=;36,5%;4,4
60;FR;HeadOfTheRevolution;155;/;213;=;72,8%;64;/;155;=;41,3%;4,3
55;E;clayroof;3128;/;3249;=;96,3%;987;/;3123;=;31,6%;4,3
56;E;reeve;2348;/;2823;=;83,2%;855;/;2341;=;36,5%;4,3
57;E;field;3360;/;3366;=;99,8%;956;/;3202;=;29,9%;4,3
58;E;quarry;2950;/;3289;=;89,7%;983;/;2944;=;33,4%;4,3
59;K;swanlake;2646;/;3286;=;80,5%;991;/;2641;=;37,5%;4,3
61;NL;GlassesMaker;57;/;93;=;61,3%;28;/;57;=;49,1%;4,3
62;WM;VillageSchool;2313;/;3052;=;75,8%;895;/;2312;=;38,7%;4,2
63;CZ;cz1weekendworker;98;/;127;=;77,2%;37;/;98;=;37,8%;4,2
64;CZ;cz4robber;92;/;106;=;86,8%;31;/;92;=;33,7%;4,2
65;I;churchwarden;2389;/;2738;=;87,3%;797;/;2388;=;33,4%;4,2
66;O;schnitzelmallet;84;/;125;=;67,2%;37;/;84;=;44,0%;4,2
67;K;turnipfield;2854;/;3373;=;84,6%;990;/;2842;=;34,8%;4,2
68;WA;Priest;70;/;88;=;79,5%;26;/;70;=;37,1%;4,2
69;NL;GovernorGeneral;46;/;85;=;54,1%;25;/;46;=;54,3%;4,2
70;NL;LoveMessenger;43;/;62;=;69,4%;18;/;43;=;41,9%;4,2
74;WM;LadyinWaiting;2539;/;2705;=;93,9%;775;/;2536;=;30,6%;4,1
71;K;forestpasture;2797;/;3236;=;86,4%;918;/;2789;=;32,9%;4,1
72;K;animalbreeder;2817;/;2988;=;94,3%;864;/;2813;=;30,7%;4,1
73;K;pelts;2513;/;3310;=;75,9%;948;/;2508;=;37,8%;4,1
75;NL;Bookcase;56;/;61;=;91,8%;17;/;56;=;30,4%;4
76;FL;GiftTable;60;/;64;=;93,8%;18;/;60;=;30,0%;4
77;WM;PlumPatch;2071;/;3001;=;69,0%;844;/;2069;=;40,8%;4
78;NL;VegetableGarden;79;/;85;=;92,9%;24;/;79;=;30,4%;4
84;FR;Harvester;195;/;250;=;78,0%;70;/;195;=;35,9%;4
85;WM;Engineer;2433;/;2739;=;88,8%;765;/;2432;=;31,5%;4
79;K;claypit;2884;/;3240;=;89,0%;894;/;2872;=;31,1%;4
80;E;guildmaster;2439;/;2912;=;83,8%;812;/;2436;=;33,3%;4
83;NL;AssistantTiller;77;/;93;=;82,8%;26;/;77;=;33,8%;4
81;K;perpetualstudent;2557;/;2998;=;85,3%;830;/;2550;=;32,5%;4
82;Z;stumpjumpplow;113;/;125;=;90,4%;35;/;113;=;31,0%;4
86;NL;Lawyer;81;/;97;=;83,5%;27;/;80;=;33,8%;4
87;FR;Absinthe;194;/;247;=;78,5%;67;/;194;=;34,5%;3,9
103;WM;FenceDealer;2238;/;2719;=;82,3%;744;/;2234;=;33,3%;3,9
88;E;animalpen;2713;/;3276;=;82,8%;891;/;2704;=;33,0%;3,9
89;E;beanfield;2794;/;3244;=;86,1%;889;/;2787;=;31,9%;3,9
90;E;chiefsdaughter;1804;/;2919;=;61,8%;802;/;1801;=;44,5%;3,9
91;E;landagent;2474;/;2882;=;85,8%;790;/;2469;=;32,0%;3,9
92;E;hobbyfarmer;2366;/;2954;=;80,1%;794;/;2359;=;33,7%;3,9
93;E;hutbuilder;2676;/;2901;=;92,2%;792;/;2670;=;29,7%;3,9
94;O;emergencyhousing;117;/;145;=;80,7%;40;/;117;=;34,2%;3,9
95;G;businesswoman;453;/;556;=;81,5%;151;/;453;=;33,3%;3,9
96;G;harvestfeast;445;/;601;=;74,0%;164;/;445;=;36,9%;3,9
97;I;farmsteward;2395;/;2771;=;86,4%;756;/;2392;=;31,6%;3,9
98;I;woodcollector;2303;/;2804;=;82,1%;761;/;2302;=;33,1%;3,9
99;K;marketwomen;2743;/;2986;=;91,9%;806;/;2731;=;29,5%;3,9
100;I;planterbox;2654;/;3082;=;86,1%;839;/;2654;=;31,6%;3,9
101;E;privateforest;2818;/;3198;=;88,1%;868;/;2808;=;30,9%;3,9
102;E;ridingplow;2798;/;3182;=;87,9%;872;/;2794;=;31,2%;3,9
104;WA;GermanbyChoice;65;/;106;=;61,3%;29;/;65;=;44,6%;3,9
105;FR;ParkCemetery;219;/;273;=;80,2%;72;/;219;=;32,9%;3,8
106;WA;RiverPort;65;/;82;=;79,3%;22;/;65;=;33,8%;3,8
116;WM;BargainingBaker;2426;/;2767;=;87,7%;733;/;2425;=;30,2%;3,8
118;FR;TurkeyBreeder;232;/;256;=;90,6%;69;/;232;=;29,7%;3,8
107;K;clayhutextension;2547;/;3244;=;78,5%;866;/;2543;=;34,1%;3,8
108;E;reedcollector;2392;/;2841;=;84,2%;756;/;2387;=;31,7%;3,8
109;E;headofthefamily;2617;/;2881;=;90,8%;762;/;2612;=;29,2%;3,8
110;E;patron;2619;/;2919;=;89,7%;783;/;2612;=;30,0%;3,8
111;I;fishtrap;2880;/;3131;=;92,0%;824;/;2879;=;28,6%;3,8
112;G;villagefarmer;391;/;522;=;74,9%;140;/;391;=;35,8%;3,8
113;K;constable;2213;/;2965;=;74,6%;784;/;2211;=;35,5%;3,8
114;E;lettucepatch;2603;/;3220;=;80,8%;855;/;2598;=;32,9%;3,8
117;NL;ChoirBoy;65;/;82;=;79,3%;22;/;65;=;33,8%;3,8
115;E;stable;3018;/;3104;=;97,2%;690;/;2503;=;27,6%;3,8
119;WA;TravelAgent;75;/;93;=;80,6%;25;/;75;=;33,3%;3,8
120;NL;ParkBench;61;/;78;=;78,2%;20;/;61;=;32,8%;3,7
121;WM;SteelPlow;2729;/;3078;=;88,7%;793;/;2728;=;29,1%;3,7
122;NL;Stockpile;49;/;78;=;62,8%;20;/;49;=;40,8%;3,7
123;E;axe;3036;/;3274;=;92,7%;845;/;3026;=;27,9%;3,7
124;E;chief;1692;/;2831;=;59,8%;724;/;1689;=;42,9%;3,7
125;G;resourcecollector;396;/;530;=;74,7%;139;/;396;=;35,1%;3,7
126;K;horse;2657;/;3311;=;80,2%;859;/;2650;=;32,4%;3,7
127;K;housesteward;2370;/;2979;=;79,6%;760;/;2362;=;32,2%;3,7
128;NL;Overwinterer;51;/;66;=;77,3%;17;/;51;=;33,3%;3,7
129;WA;Docker;53;/;81;=;65,4%;21;/;53;=;39,6%;3,7
130;FL;Brakelhuhner;33;/;64;=;51,6%;16;/;33;=;48,5%;3,6
131;WM;Downsizing;2393;/;2981;=;80,3%;753;/;2393;=;31,5%;3,6
132;NL;PoppyField;56;/;71;=;78,9%;18;/;56;=;32,1%;3,6
133;FR;ThreshingMachinePlow;181;/;237;=;76,4%;60;/;181;=;33,1%;3,6
142;FR;DoveHunter;162;/;250;=;64,8%;63;/;162;=;38,9%;3,6
134;E;lordofthemanor;1475;/;2875;=;51,3%;717;/;1474;=;48,6%;3,6
135;E;plowdriver;1993;/;2866;=;69,5%;718;/;1990;=;36,1%;3,6
136;E;fieldwarden;2509;/;2884;=;87,0%;719;/;2503;=;28,7%;3,6
137;G;animalfarmer;290;/;527;=;55,0%;133;/;290;=;45,9%;3,6
138;G;grump;372;/;528;=;70,5%;134;/;372;=;36,0%;3,6
139;K;milkingstool;2331;/;3289;=;70,9%;836;/;2326;=;35,9%;3,6
141;FL;StableArchitect;27;/;56;=;48,2%;14;/;27;=;51,9%;3,6
140;E;minipasture;2791;/;3193;=;87,4%;796;/;2787;=;28,6%;3,6
143;WM;BackyardWell;2224;/;3050;=;72,9%;741;/;2221;=;33,4%;3,5
144;FR;Diary;223;/;272;=;82,0%;66;/;223;=;29,6%;3,5
145;WM;FlowerPots;2443;/;3028;=;80,7%;742;/;2441;=;30,4%;3,5
146;FR;GroundPickaxePlow;219;/;269;=;81,4%;66;/;219;=;30,1%;3,5
147;NL;MilkJug;54;/;74;=;73,0%;18;/;54;=;33,3%;3,5
148;BI;The52ndLatitude;20;/;41;=;48,8%;10;/;20;=;50,0%;3,5
157;FR;WritingManiac;154;/;233;=;66,1%;57;/;154;=;37,0%;3,5
149;I;chickencoop;2654;/;3180;=;83,5%;782;/;2652;=;29,5%;3,5
150;E;clogs;2386;/;3212;=;74,3%;783;/;2381;=;32,9%;3,5
151;I;flagon;2461;/;3047;=;80,8%;745;/;2458;=;30,3%;3,5
152;G;wintercrafter;409;/;553;=;74,0%;137;/;409;=;33,5%;3,5
153;K;fenceoverseer;2492;/;2920;=;85,3%;704;/;2478;=;28,4%;3,5
154;K;sawhorse;2909;/;3203;=;90,8%;778;/;2901;=;26,8%;3,5
156;NL;Companion;60;/;86;=;69,8%;21;/;60;=;35,0%;3,5
155;E;writingdesk;2836;/;3311;=;85,7%;815;/;2829;=;28,8%;3,5
158;WM;Almshouse;2426;/;3057;=;79,4%;718;/;2422;=;29,6%;3,4
159;FR;CoffeeBreak;188;/;267;=;70,4%;64;/;188;=;34,0%;3,4
160;FR;EveningPrayer;167;/;249;=;67,1%;60;/;167;=;35,9%;3,4
161;NL;ImpossibleCrate;54;/;68;=;79,4%;16;/;54;=;29,6%;3,4
162;WA;MarketFountain;77;/;102;=;75,5%;24;/;77;=;31,2%;3,4
163;NL;Shack;65;/;92;=;70,7%;22;/;65;=;33,8%;3,4
164;PI;Spars;74;/;131;=;56,5%;31;/;74;=;41,9%;3,4
180;WM;SunriseAdmirer;2126;/;2671;=;79,6%;634;/;2124;=;29,8%;3,4
181;FR;DebtCollector;179;/;238;=;75,2%;56;/;179;=;31,3%;3,4
182;FR;Workaholic;157;/;239;=;65,7%;56;/;157;=;35,7%;3,4
165;G;animalfarm;409;/;590;=;69,3%;139;/;409;=;34,0%;3,4
166;Z;bible;117;/;142;=;82,4%;34;/;117;=;29,1%;3,4
167;G;bountifulharvest;389;/;567;=;68,6%;137;/;389;=;35,2%;3,4
168;E;dovecote;2387;/;3131;=;76,2%;741;/;2381;=;31,1%;3,4
169;E;hedgekeeper;2533;/;2987;=;84,8%;710;/;2527;=;28,1%;3,4
170;G;grainlover;344;/;495;=;69,5%;118;/;343;=;34,4%;3,4
171;K;granary;2263;/;3285;=;68,9%;791;/;2257;=;35,0%;3,4
172;I;puppeteer;1959;/;2678;=;73,2%;639;/;1959;=;32,6%;3,4
173;Z;keg;104;/;137;=;75,9%;33;/;104;=;31,7%;3,4
174;O;opinionleader;95;/;114;=;83,3%;27;/;95;=;28,4%;3,4
178;FL;Anatomist;46;/;63;=;73,0%;15;/;46;=;32,6%;3,4
179;WA;SmallscaleFarmer;65;/;85;=;76,5%;20;/;64;=;31,3%;3,4
175;G;paddocks;392;/;557;=;70,4%;134;/;391;=;34,3%;3,4
176;I;spinney;2558;/;3153;=;81,1%;757;/;2553;=;29,7%;3,4
177;K;swingplow;2848;/;3265;=;87,2%;776;/;2836;=;27,4%;3,4
183;WM;CashCrop;2301;/;3060;=;75,2%;708;/;2299;=;30,8%;3,3
184;WA;CatTongue;56;/;81;=;69,1%;19;/;56;=;33,9%;3,3
185;WM;Cookies;2228;/;3068;=;72,6%;701;/;2228;=;31,5%;3,3
186;FL;CourtyardGarden;40;/;74;=;54,1%;17;/;40;=;42,5%;3,3
187;FR;Homework;215;/;280;=;76,8%;64;/;215;=;29,8%;3,3
188;WM;OakCask;2231;/;3010;=;74,1%;700;/;2229;=;31,4%;3,3
189;WM;SlapdashRenovation;2558;/;3037;=;84,2%;708;/;2555;=;27,7%;3,3
190;BI;Spielwiese;43;/;48;=;89,6%;11;/;43;=;25,6%;3,3
191;NL;WoodenShoes;51;/;65;=;78,5%;15;/;51;=;29,4%;3,3
199;WM;BeeKeeper;1854;/;2675;=;69,3%;614;/;1854;=;33,1%;3,3
200;WM;FoodConnoisseur;2202;/;2833;=;77,7%;644;/;2201;=;29,3%;3,3
202;WM;Hoarder;2089;/;2737;=;76,3%;632;/;2087;=;30,3%;3,3
203;WM;LivestockKeeper;1784;/;2720;=;65,6%;626;/;1783;=;35,1%;3,3
204;FR;ParquetSetter;146;/;232;=;62,9%;54;/;146;=;37,0%;3,3
205;FR;FencingMaster;203;/;229;=;88,6%;53;/;203;=;26,1%;3,3
206;WM;HumbleFarmboy;1926;/;2706;=;71,2%;623;/;1925;=;32,4%;3,3
192;K;broom;2548;/;3221;=;79,1%;740;/;2542;=;29,1%;3,3
193;E;claysupports;2600;/;3250;=;80,0%;738;/;2590;=;28,5%;3,3
201;FL;FranciscanMonk;56;/;69;=;81,2%;16;/;56;=;28,6%;3,3
194;K;cookinghearth;3232;/;3326;=;97,2%;639;/;2669;=;23,9%;3,3
195;E;tutor;2230;/;2821;=;79,0%;649;/;2224;=;29,2%;3,3
196;K;greenhouse;2555;/;3230;=;79,1%;747;/;2548;=;29,3%;3,3
197;E;simplefireplace;2633;/;3261;=;80,7%;749;/;2627;=;28,5%;3,3
198;I;woodenpath;2281;/;3190;=;71,5%;741;/;2278;=;32,5%;3,3
207;WM;DrainedPond;2225;/;3155;=;70,5%;703;/;2224;=;31,6%;3,2
208;FR;FiveRings;222;/;262;=;84,7%;58;/;222;=;26,1%;3,2
209;PI;Geode;101;/;141;=;71,6%;32;/;101;=;31,7%;3,2
210;NL;GoldenEarring;42;/;77;=;54,5%;17;/;42;=;40,5%;3,2
211;FR;Grotto;213;/;274;=;77,7%;62;/;213;=;29,1%;3,2
212;NL;HouseBoat;53;/;75;=;70,7%;17;/;53;=;32,1%;3,2
213;FR;Sofa;140;/;264;=;53,0%;59;/;140;=;42,1%;3,2
214;WM;StorageShed;2228;/;3091;=;72,1%;687;/;2226;=;30,9%;3,2
215;NL;Undergrowth;59;/;75;=;78,7%;17;/;59;=;28,8%;3,2
222;FR;LandscapeGardener;154;/;226;=;68,1%;50;/;154;=;32,5%;3,2
223;WM;Remodeler;2235;/;2795;=;80,0%;630;/;2234;=;28,2%;3,2
224;FR;Benefactor;191;/;257;=;74,3%;58;/;191;=;30,4%;3,2
226;WM;WheelbarrowPusher;2414;/;2823;=;85,5%;630;/;2411;=;26,1%;3,2
216;CZ;cz1informer;69;/;119;=;58,0%;27;/;69;=;39,1%;3,2
217;Z;hopfield;70;/;133;=;52,6%;30;/;70;=;42,9%;3,2
218;I;fencedeliveryman;2197;/;2883;=;76,2%;637;/;2196;=;29,0%;3,2
219;K;resourceseller;2518;/;2913;=;86,4%;657;/;2508;=;26,2%;3,2
220;K;wooddeliveryman;1940;/;2907;=;66,7%;653;/;1935;=;33,7%;3,2
225;NL;TreeCollector;68;/;72;=;94,4%;16;/;68;=;23,5%;3,2
221;K;landingnet;2765;/;3294;=;83,9%;747;/;2763;=;27,0%;3,2
227;NL;CarriageTrip;42;/;69;=;60,9%;15;/;42;=;35,7%;3,1
228;NL;EastIndiaCompany;55;/;83;=;66,3%;18;/;55;=;32,7%;3,1
229;WM;Fruitcake;1875;/;2974;=;63,0%;651;/;1875;=;34,7%;3,1
230;NL;JoyHouse;53;/;78;=;67,9%;17;/;53;=;32,1%;3,1
231;WM;MountainCave;2568;/;3131;=;82,0%;681;/;2567;=;26,5%;3,1
232;BI;SparrenCastle;33;/;51;=;64,7%;11;/;33;=;33,3%;3,1
233;NL;Studio;72;/;98;=;73,5%;21;/;72;=;29,2%;3,1
246;FR;GrainSpeculator;185;/;261;=;70,9%;57;/;185;=;30,8%;3,1
234;I;claypath;2047;/;3170;=;64,6%;692;/;2046;=;33,8%;3,1
235;G;clearcutting;500;/;615;=;81,3%;135;/;500;=;27,0%;3,1
236;I;cookingcorner;2020;/;3166;=;63,8%;680;/;2017;=;33,7%;3,1
237;G;fishermansapprentice;397;/;570;=;69,6%;123;/;396;=;31,1%;3,1
238;G;freeloader;530;/;558;=;95,0%;120;/;530;=;22,6%;3,1
239;G;holidaypresent;395;/;567;=;69,7%;123;/;395;=;31,1%;3,1
240;I;layabout;1900;/;2835;=;67,0%;618;/;1897;=;32,6%;3,1
241;I;milkinghand;1629;/;2800;=;58,2%;616;/;1628;=;37,8%;3,1
242;K;storehousekeeper;2286;/;2982;=;76,7%;649;/;2278;=;28,5%;3,1
243;O;neutrality;80;/;123;=;65,0%;27;/;80;=;33,8%;3,1
244;G;sharedwall;460;/;582;=;79,0%;128;/;459;=;27,9%;3,1
245;G;treehouse;507;/;613;=;82,7%;133;/;507;=;26,2%;3,1
247;NL;CheeseSeller;45;/;82;=;54,9%;18;/;45;=;40,0%;3,1
248;FR;AmusementPark;157;/;243;=;64,6%;51;/;157;=;32,5%;3
249;WA;ComicShop;49;/;85;=;57,6%;18;/;49;=;36,7%;3
250;NL;CutPastures;83;/;94;=;88,3%;20;/;83;=;24,1%;3
251;NL;DrawWell;57;/;81;=;70,4%;17;/;57;=;29,8%;3
252;FR;EncirclingWall;150;/;259;=;57,9%;55;/;150;=;36,7%;3
253;FR;StoneHouseReconstruc;161;/;254;=;63,4%;54;/;161;=;33,5%;3
270;WM;ForestFarmer;2069;/;2688;=;77,0%;560;/;2065;=;27,1%;3
271;FR;ImmigrantsSon;190;/;247;=;76,9%;52;/;190;=;27,4%;3
273;WM;StoneCurator;1513;/;2855;=;53,0%;606;/;1512;=;40,1%;3
274;FR;GardeningEnthusiast;163;/;246;=;66,3%;51;/;163;=;31,3%;3
254;E;basket;2889;/;3210;=;90,0%;376;/;1623;=;23,2%;3
255;G;beehiveoven;407;/;615;=;66,2%;131;/;407;=;32,2%;3
256;K;cornsheaf;2467;/;3203;=;77,0%;678;/;2464;=;27,5%;3
257;CZ;cz4teacherofnations;117;/;127;=;92,1%;27;/;117;=;23,1%;3
258;E;plowmaker;2169;/;2962;=;73,2%;617;/;2164;=;28,5%;3
259;E;seasonalworker;2251;/;2873;=;78,4%;611;/;2249;=;27,2%;3
260;Z;golem;100;/;121;=;82,6%;25;/;100;=;25,0%;3
261;I;wellbuilder;2228;/;2826;=;78,8%;592;/;2225;=;26,6%;3
262;K;woodcarver;2387;/;3013;=;79,2%;630;/;2379;=;26,5%;3
263;K;loom;2181;/;3262;=;66,9%;682;/;2177;=;31,3%;3
264;G;migrantworkers;476;/;601;=;79,2%;125;/;475;=;26,3%;3
265;G;pineforest;396;/;573;=;69,1%;120;/;396;=;30,3%;3
266;I;punner;2091;/;3117;=;67,1%;645;/;2088;=;30,9%;3
267;G;sickle;322;/;587;=;54,9%;123;/;321;=;38,3%;3
272;FL;OldMaster;34;/;57;=;59,6%;12;/;34;=;35,3%;3
268;G;stonekitchen;424;/;609;=;69,6%;127;/;424;=;30,0%;3
269;I;strawberrypatch;1661;/;3098;=;53,6%;652;/;1660;=;39,3%;3
275;PI;MarriageCounselor;57;/;110;=;51,8%;23;/;57;=;40,4%;3
276;WA;BeerTable;63;/;76;=;82,9%;15;/;62;=;24,2%;2,9
277;WM;ClockworkMan;2171;/;2975;=;73,0%;607;/;2169;=;28,0%;2,9
278;NL;GoldenHelmet;40;/;65;=;61,5%;13;/;40;=;32,5%;2,9
279;PI;MeetingPost;88;/;135;=;65,2%;27;/;88;=;30,7%;2,9
280;FR;WitchesDanceGround;163;/;265;=;61,5%;54;/;163;=;33,1%;2,9
291;FR;SailboatConstructor;159;/;245;=;64,9%;50;/;159;=;31,4%;2,9
292;FR;Trailblazer;174;/;248;=;70,2%;50;/;174;=;28,7%;2,9
295;FR;ShovelWorker;135;/;228;=;59,2%;46;/;135;=;34,1%;2,9
296;FR;WealthiestEuropean;122;/;233;=;52,4%;47;/;122;=;38,5%;2,9
281;G;bakingfield;359;/;573;=;62,7%;116;/;358;=;32,4%;2,9
282;E;stonecutter;2149;/;2904;=;74,0%;586;/;2143;=;27,3%;2,9
283;I;socialclimber;1780;/;2820;=;63,1%;571;/;1779;=;32,1%;2,9
284;K;plowman;2141;/;2926;=;73,2%;586;/;2131;=;27,5%;2,9
285;K;cattlebreeder;1741;/;2929;=;59,4%;601;/;1735;=;34,6%;2,9
290;NL;Collector;34;/;68;=;50,0%;14;/;34;=;41,2%;2,9
286;O;magnate;65;/;107;=;60,7%;22;/;65;=;33,8%;2,9
287;K;oxteam;1932;/;3316;=;58,3%;675;/;1928;=;35,0%;2,9
293;NL;DistantPrincess;48;/;78;=;61,5%;16;/;48;=;33,3%;2,9
294;NL;Knight;52;/;85;=;61,2%;17;/;52;=;32,7%;2,9
288;I;shepherdscrook;2152;/;3133;=;68,7%;628;/;2149;=;29,2%;2,9
289;E;turnwrestplow;2588;/;3163;=;81,8%;633;/;2580;=;24,5%;2,9
297;WM;AppleTree;2025;/;3068;=;66,0%;599;/;2024;=;29,6%;2,8
298;NL;Canal;52;/;77;=;67,5%;15;/;52;=;28,8%;2,8
299;WM;IronPlow;2478;/;3021;=;82,0%;602;/;2476;=;24,3%;2,8
300;WM;LampOil;1881;/;3073;=;61,2%;592;/;1878;=;31,5%;2,8
301;PI;LandscapeDesign;83;/;122;=;68,0%;24;/;83;=;28,9%;2,8
302;NL;NightWatch;42;/;57;=;73,7%;11;/;42;=;26,2%;2,8
303;WA;NoSonofMan;65;/;87;=;74,7%;17;/;65;=;26,2%;2,8
304;FR;Orchard;147;/;256;=;57,4%;51;/;147;=;34,7%;2,8
313;FR;Boatswain;166;/;246;=;67,5%;48;/;166;=;28,9%;2,8
315;FR;ConvictNumber24601;108;/;214;=;50,5%;42;/;108;=;38,9%;2,8
316;WM;MasterStableman;2038;/;2816;=;72,4%;558;/;2037;=;27,4%;2,8
317;FR;Mastermind;140;/;230;=;60,9%;45;/;140;=;32,1%;2,8
318;FR;Reformer;135;/;233;=;57,9%;45;/;135;=;33,3%;2,8
319;WM;SiloGirl;1490;/;2734;=;54,5%;538;/;1488;=;36,2%;2,8
320;FR;CabbageLover;157;/;244;=;64,3%;48;/;157;=;30,6%;2,8
305;CZ;cz3bagpiper;99;/;124;=;79,8%;24;/;99;=;24,2%;2,8
306;CZ;cz3nicholas;55;/;98;=;56,1%;19;/;55;=;34,5%;2,8
314;BI;ChiefEditor;50;/;67;=;74,6%;13;/;50;=;26,0%;2,8
307;E;conservator;1959;/;2838;=;69,0%;561;/;1951;=;28,8%;2,8
308;O;farmersball;66;/;117;=;56,4%;23;/;66;=;34,8%;2,8
309;K;scholar;1600;/;2974;=;53,8%;592;/;1599;=;37,0%;2,8
310;K;magician;2131;/;2916;=;73,1%;566;/;2127;=;26,6%;2,8
311;I;rake;1835;/;3070;=;59,8%;600;/;1833;=;32,7%;2,8
312;I;woodcart;2386;/;3098;=;77,0%;604;/;2383;=;25,3%;2,8
321;WA;PatternMaker;65;/;101;=;64,4%;20;/;65;=;30,8%;2,8
324;WM;BoundaryStones;1742;/;3013;=;57,8%;564;/;1742;=;32,4%;2,7
323;NL;Bottles;64;/;94;=;68,1%;18;/;64;=;28,1%;2,7
325;WM;BuriedTreasure;2241;/;3037;=;73,8%;581;/;2236;=;26,0%;2,7
326;WM;FishHook;2045;/;3015;=;67,8%;561;/;2044;=;27,4%;2,7
335;WM;ApplePicker;2008;/;2767;=;72,6%;518;/;2008;=;25,8%;2,7
327;NL;FrontGarden;59;/;100;=;59,0%;19;/;59;=;32,2%;2,7
328;NL;Parlor;42;/;78;=;53,8%;15;/;42;=;35,7%;2,7
336;FR;Cocotte;172;/;274;=;62,8%;51;/;172;=;29,7%;2,7
337;FR;CowboyAndMother;133;/;242;=;55,0%;46;/;133;=;34,6%;2,7
338;WM;VillageFool;1304;/;2720;=;47,9%;515;/;1303;=;39,5%;2,7
340;FR;CattleDealer;182;/;244;=;74,6%;46;/;182;=;25,3%;2,7
341;FR;VillageDruid;164;/;250;=;65,6%;47;/;164;=;28,7%;2,7
322;Z;5yearplan;82;/;137;=;59,9%;26;/;82;=;31,7%;2,7
329;G;birthstone;380;/;607;=;62,6%;116;/;379;=;30,6%;2,7
330;I;claydeposit;2061;/;3096;=;66,6%;591;/;2059;=;28,7%;2,7
331;E;berrypicker;2317;/;2959;=;78,3%;561;/;2313;=;24,3%;2,7
332;I;bricklayer;2039;/;2815;=;72,4%;533;/;2039;=;26,1%;2,7
339;FL;Scribbler;51;/;73;=;69,9%;14;/;51;=;27,5%;2,7
333;K;manufacturer;1989;/;2939;=;67,7%;553;/;1980;=;27,9%;2,7
334;I;villagewell;1663;/;3008;=;55,3%;573;/;1662;=;34,5%;2,7
342;FR;HayRake;197;/;269;=;73,2%;49;/;197;=;24,9%;2,6
343;FL;LoveGarden;42;/;77;=;54,5%;14;/;42;=;33,3%;2,6
344;FR;SundaySchool;192;/;256;=;75,0%;47;/;192;=;24,5%;2,6
345;FR;TreesfortheCitizens;144;/;235;=;61,3%;43;/;144;=;29,9%;2,6
346;NL;WoodenGable;48;/;87;=;55,2%;16;/;48;=;33,3%;2,6
358;FR;CountryDoctor;156;/;241;=;64,7%;43;/;156;=;27,6%;2,6
359;WM;Heiress;1747;/;2771;=;63,0%;514;/;1746;=;29,4%;2,6
360;FR;Oceanographer;155;/;256;=;60,5%;46;/;155;=;29,7%;2,6
362;WM;FarmSchoolGraduate;1228;/;2690;=;45,7%;493;/;1226;=;40,2%;2,6
364;WM;SundayWorker;1798;/;2755;=;65,3%;495;/;1797;=;27,5%;2,6
366;FR;ArtDirector;160;/;256;=;62,5%;46;/;160;=;28,8%;2,6
347;E;ceramics;2214;/;3298;=;67,1%;608;/;2211;=;27,5%;2,6
348;E;thatcher;2130;/;2814;=;75,7%;521;/;2127;=;24,5%;2,6
349;G;latebloomer;326;/;536;=;60,8%;98;/;326;=;30,1%;2,6
350;I;guest;2173;/;3046;=;71,3%;470;/;1872;=;25,1%;2,6
351;K;herbgarden;1814;/;3325;=;54,6%;594;/;1810;=;32,8%;2,6
352;I;animaldealer;1829;/;2751;=;66,5%;491;/;1827;=;26,9%;2,6
353;K;seedseller;2123;/;2943;=;72,1%;536;/;2116;=;25,3%;2,6
354;K;lumber;2334;/;3229;=;72,3%;587;/;2329;=;25,2%;2,6
361;NL;PotatoHarvester;45;/;84;=;53,6%;15;/;44;=;34,1%;2,6
355;G;meatpie;286;/;556;=;51,4%;102;/;286;=;35,7%;2,6
363;NL;FreedomFighter2;51;/;72;=;70,8%;13;/;51;=;25,5%;2,6
356;Z;pumpkinseedoil;62;/;112;=;55,4%;20;/;62;=;32,3%;2,6
365;NL;WaterWorker;50;/;78;=;64,1%;14;/;50;=;28,0%;2,6
357;K;sleepingcorner;2120;/;3312;=;64,0%;610;/;2116;=;28,8%;2,6
367;BI;BielefeldCards;30;/;46;=;65,2%;8;/;30;=;26,7%;2,5
368;FR;GoldenRose;158;/;227;=;69,6%;39;/;158;=;24,7%;2,5
369;WM;UndisturbedPond;1449;/;2991;=;48,4%;521;/;1449;=;36,0%;2,5
384;WM;Diplomat;1774;/;2776;=;63,9%;493;/;1773;=;27,8%;2,5
386;WM;TileMaker;1604;/;2691;=;59,6%;477;/;1604;=;29,7%;2,5
370;E;buildingmaterial;2120;/;3218;=;65,9%;564;/;2120;=;26,6%;2,5
371;G;chronicle;403;/;581;=;69,4%;101;/;403;=;25,1%;2,5
372;E;cornscoop;2384;/;3174;=;75,1%;550;/;2372;=;23,2%;2,5
373;K;crookedplow;2428;/;3223;=;75,3%;556;/;2419;=;23,0%;2,5
374;E;claydeliveryman;1645;/;2879;=;57,1%;496;/;1640;=;30,2%;2,5
375;E;masterbuilder;1287;/;2909;=;44,2%;508;/;1285;=;39,5%;2,5
376;E;undergardener;1982;/;2945;=;67,3%;509;/;1979;=;25,7%;2,5
377;I;graincart;2343;/;3084;=;76,0%;548;/;2342;=;23,4%;2,5
378;I;clayhutbuilder;1554;/;2823;=;55,0%;491;/;1553;=;31,6%;2,5
379;K;clayworker;2378;/;3030;=;78,5%;538;/;2371;=;22,7%;2,5
380;K;pieceworker;2263;/;2983;=;75,9%;517;/;2260;=;22,9%;2,5
383;FL;Freemason;31;/;74;=;41,9%;13;/;31;=;41,9%;2,5
381;I;moldboardplow;2346;/;3057;=;76,7%;526;/;2345;=;22,4%;2,5
385;WA;JourneymanThatcher;61;/;90;=;67,8%;16;/;61;=;26,2%;2,5
382;K;woodenstrongbox;1696;/;3253;=;52,1%;572;/;1694;=;33,8%;2,5
387;PI;SunriseHerder;100;/;152;=;65,8%;27;/;100;=;27,0%;2,5
388;Z;danceinstructor;68;/;120;=;56,7%;21;/;68;=;30,9%;2,5
389;FL;BobbinTable;60;/;71;=;84,5%;12;/;60;=;20,0%;2,4
390;FR;Chocolade;171;/;257;=;66,5%;43;/;171;=;25,1%;2,4
391;WM;Crib;1594;/;2977;=;53,5%;495;/;1593;=;31,1%;2,4
392;FL;EndiveField;49;/;65;=;75,4%;11;/;49;=;22,4%;2,4
393;PI;GardenersBothy;91;/;125;=;72,8%;21;/;91;=;23,1%;2,4
394;FL;HashwithFries;31;/;77;=;40,3%;13;/;31;=;41,9%;2,4
395;WM;Keys;2269;/;3069;=;73,9%;510;/;2267;=;22,5%;2,4
396;PI;ShelterintheField;77;/;126;=;61,1%;21;/;77;=;27,3%;2,4
397;FR;TuileriesGarden;152;/;241;=;63,1%;41;/;152;=;27,0%;2,4
398;FR;WinterDeadwood;165;/;274;=;60,2%;46;/;165;=;27,9%;2,4
414;WM;CropRotator;1321;/;2696;=;49,0%;454;/;1321;=;34,4%;2,4
415;WM;Politician;1591;/;2655;=;59,9%;446;/;1591;=;28,0%;2,4
417;WM;ResourceLender;1665;/;2708;=;61,5%;455;/;1665;=;27,3%;2,4
418;FR;StageStar;127;/;250;=;50,8%;42;/;127;=;33,1%;2,4
399;K;acreage;2219;/;3278;=;67,7%;550;/;2209;=;24,9%;2,4
400;Z;beerfestival;79;/;126;=;62,7%;21;/;79;=;26,6%;2,4
401;G;corral;302;/;589;=;51,3%;98;/;302;=;32,5%;2,4
402;E;greengrocer;2214;/;2869;=;77,2%;480;/;2211;=;21,7%;2,4
403;E;basketmaker;1454;/;2879;=;50,5%;488;/;1451;=;33,6%;2,4
404;E;farmer;1660;/;2876;=;57,7%;486;/;1659;=;29,3%;2,4
405;G;stonepiler;308;/;585;=;52,6%;98;/;308;=;31,8%;2,4
406;G;gimlet;440;/;612;=;71,9%;101;/;440;=;23,0%;2,4
407;K;adoptiveparents;1818;/;2938;=;61,9%;486;/;1808;=;26,9%;2,4
408;I;ladder;2297;/;3118;=;73,7%;516;/;2296;=;22,5%;2,4
409;G;pulley;375;/;571;=;65,7%;95;/;375;=;25,3%;2,4
410;Z;ranch;57;/;123;=;46,3%;21;/;57;=;36,8%;2,4
411;G;reedsale;330;/;607;=;54,4%;101;/;329;=;30,7%;2,4
416;NL;WitchofHaarlem;47;/;76;=;61,8%;13;/;47;=;27,7%;2,4
412;Z;school;75;/;112;=;67,0%;19;/;75;=;25,3%;2,4
413;G;wintergarden;380;/;591;=;64,3%;97;/;379;=;25,6%;2,4
419;WM;BackDoor;2033;/;3040;=;66,9%;480;/;2029;=;23,7%;2,3
420;FR;BarberShop;198;/;260;=;76,2%;42;/;198;=;21,2%;2,3
421;FR;FlatHill;132;/;297;=;44,4%;48;/;132;=;36,4%;2,3
422;WM;GoldMedal;1754;/;3108;=;56,4%;497;/;1754;=;28,3%;2,3
423;WM;OpenGate;1795;/;3004;=;59,8%;476;/;1794;=;26,5%;2,3
424;FR;RockPyramid;116;/;257;=;45,1%;42;/;116;=;36,2%;2,3
425;FR;StarClassificationMe;122;/;249;=;49,0%;40;/;122;=;32,8%;2,3
443;WM;HillFarmer;1761;/;2757;=;63,9%;438;/;1758;=;24,9%;2,3
445;FR;PearPeeler;144;/;242;=;59,5%;39;/;144;=;27,1%;2,3
426;CZ;cz1hero;71;/;132;=;53,8%;21;/;71;=;29,6%;2,3
427;E;woodcutter;2222;/;2848;=;78,0%;450;/;2216;=;20,3%;2,3
428;G;extraeffort;343;/;545;=;62,9%;89;/;343;=;25,9%;2,3
429;G;harbormaster;376;/;551;=;68,2%;90;/;376;=;23,9%;2,3
430;G;taxcollector;328;/;559;=;58,7%;89;/;328;=;27,1%;2,3
431;G;mathematician;229;/;556;=;41,2%;88;/;228;=;38,6%;2,3
432;E;halftimberedhouse;1400;/;3203;=;43,7%;519;/;1397;=;37,2%;2,3
433;I;hidefarmer;1289;/;2741;=;47,0%;436;/;1289;=;33,8%;2,3
434;K;wooddistributor;1712;/;3011;=;56,9%;475;/;1711;=;27,8%;2,3
435;K;brushwoodcollector;1903;/;2929;=;65,0%;464;/;1898;=;24,4%;2,3
436;O;lederhosen;51;/;111;=;45,9%;18;/;51;=;35,3%;2,3
437;G;peltroof;329;/;603;=;54,6%;96;/;329;=;29,2%;2,3
438;G;pumpkinpie;279;/;571;=;48,9%;90;/;279;=;32,3%;2,3
439;E;sackcart;1959;/;3247;=;60,3%;527;/;1952;=;27,0%;2,3
442;WA;GoodsFraudster;52;/;91;=;57,1%;15;/;52;=;28,8%;2,3
440;G;seasonalplants;349;/;628;=;55,6%;101;/;349;=;28,9%;2,3
444;WA;Caregiver;49;/;99;=;49,5%;16;/;49;=;32,7%;2,3
441;Z;winecellar;61;/;120;=;50,8%;19;/;61;=;31,1%;2,3
446;K;yoke;1499;/;3297;=;45,5%;536;/;1491;=;35,9%;2,3
447;WA;6thSenseAcademy;50;/;85;=;58,8%;13;/;50;=;26,0%;2,2
448;FR;AbandonedWillow;121;/;245;=;49,4%;38;/;121;=;31,4%;2,2
449;FR;AppleGarden;140;/;271;=;51,7%;42;/;140;=;30,0%;2,2
450;WA;Archway;70;/;84;=;83,3%;13;/;70;=;18,6%;2,2
451;FR;Goblet;159;/;271;=;58,7%;42;/;159;=;26,4%;2,2
452;WM;PettingZoo;1418;/;3061;=;46,3%;462;/;1418;=;32,6%;2,2
453;FR;StrawThatchedHut;121;/;261;=;46,4%;41;/;121;=;33,9%;2,2
454;FR;Timetable;132;/;262;=;50,4%;41;/;132;=;31,1%;2,2
463;WM;Borrower;1238;/;2699;=;45,9%;414;/;1237;=;33,5%;2,2
455;E;animalyard;1877;/;3106;=;60,4%;478;/;1871;=;25,5%;2,2
456;K;brushwoodroof;2175;/;3267;=;66,6%;490;/;2170;=;22,6%;2,2
457;CZ;cz4bureaucrat;96;/;138;=;69,6%;21;/;96;=;21,9%;2,2
458;Z;dozingbull;54;/;116;=;46,6%;18;/;54;=;33,3%;2,2
459;E;mushroomcollector;2056;/;2786;=;73,8%;437;/;2049;=;21,3%;2,2
460;E;renovator;1448;/;2808;=;51,6%;423;/;1444;=;29,3%;2,2
461;Z;hungerwall;81;/;117;=;69,2%;18;/;81;=;22,2%;2,2
462;I;stonecarver;1295;/;2773;=;46,7%;418;/;1295;=;32,3%;2,2
464;BI;SystemsTheorist;36;/;58;=;62,1%;9;/;36;=;25,0%;2,2
465;FL;FarmLawyer;43;/;77;=;55,8%;12;/;43;=;27,9%;2,2
466;BI;Alm;21;/;47;=;44,7%;7;/;21;=;33,3%;2,1
467;FL;BelgianShepherd;33;/;74;=;44,6%;11;/;33;=;33,3%;2,1
468;NL;CheeseMarket;35;/;74;=;47,3%;11;/;35;=;31,4%;2,1
469;NL;JunkRoom;60;/;82;=;73,2%;12;/;60;=;20,0%;2,1
470;NL;LoveLetter;41;/;74;=;55,4%;11;/;41;=;26,8%;2,1
471;WM;PigWallow;1659;/;3045;=;54,5%;447;/;1658;=;27,0%;2,1
472;WM;Ruins;1541;/;2995;=;51,5%;437;/;1538;=;28,4%;2,1
473;E;bakingtray;2184;/;3173;=;68,8%;462;/;2182;=;21,2%;2,1
489;FR;Fiddler;119;/;254;=;46,9%;37;/;119;=;31,1%;2,1
490;WM;Herdsman;1618;/;2742;=;59,0%;400;/;1616;=;24,8%;2,1
491;FR;PipeSmoker;105;/;237;=;44,3%;34;/;105;=;32,4%;2,1
474;K;boarbreeding;1628;/;3272;=;49,8%;477;/;1628;=;29,3%;2,1
475;E;baker;1465;/;2881;=;50,9%;427;/;1463;=;29,2%;2,1
476;E;carpenter;1946;/;2920;=;66,6%;425;/;1939;=;21,9%;2,1
477;E;stockman;1585;/;2845;=;55,7%;427;/;1583;=;27,0%;2,1
478;Z;goldenhands;99;/;131;=;75,6%;19;/;99;=;19,2%;2,1
479;G;hammer;301;/;566;=;53,2%;83;/;301;=;27,6%;2,1
480;I;gardener;1307;/;2858;=;45,7%;423;/;1305;=;32,4%;2,1
481;I;manservant;1196;/;2771;=;43,2%;401;/;1194;=;33,6%;2,1
482;I;rancher;1404;/;2856;=;49,2%;420;/;1401;=;30,0%;2,1
483;K;sheepfarmer;1813;/;2881;=;62,9%;431;/;1808;=;23,8%;2,1
484;K;acrobat;2034;/;2934;=;69,3%;430;/;2028;=;21,2%;2,1
485;E;madonnastatue;1389;/;3212;=;43,2%;471;/;1389;=;33,9%;2,1
486;E;manger;1354;/;3247;=;41,7%;487;/;1353;=;36,0%;2,1
487;K;stonecart;1868;/;3220;=;58,0%;472;/;1859;=;25,4%;2,1
488;E;stonehouseextension;1538;/;3213;=;47,9%;478;/;1535;=;31,1%;2,1
492;NL;WashWoman;45;/;75;=;60,0%;11;/;45;=;24,4%;2,1
493;NL;Harlequin;61;/;97;=;62,9%;14;/;61;=;23,0%;2,1
494;WA;CastironOven;62;/;91;=;68,1%;13;/;62;=;21,0%;2
500;E;bakersoven;1465;/;3241;=;45,2%;458;/;1462;=;31,3%;2
501;E;builderstrowel;1931;/;3287;=;58,7%;454;/;1925;=;23,6%;2
497;WA;LaGraceFountain;50;/;94;=;53,2%;13;/;50;=;26,0%;2
502;E;canoe;1978;/;3144;=;62,9%;437;/;1972;=;22,2%;2
499;BI;Skybridge;26;/;49;=;53,1%;7;/;26;=;26,9%;2
503;Z;familyportrait;60;/;127;=;47,2%;18;/;60;=;30,0%;2
504;G;glutton;194;/;528;=;36,7%;74;/;194;=;38,1%;2
505;G;stonetrader;285;/;545;=;52,3%;78;/;285;=;27,4%;2
506;I;businessman;1365;/;2713;=;50,3%;381;/;1364;=;27,9%;2
507;I;marketcrier;1852;/;2788;=;66,4%;383;/;1851;=;20,7%;2
508;I;fencer;1203;/;2777;=;43,3%;388;/;1202;=;32,3%;2
509;I;lasso;2050;/;3052;=;67,2%;428;/;2046;=;20,9%;2
510;K;mansion;1233;/;3169;=;38,9%;443;/;1231;=;36,0%;2
511;G;sausagegrinder;301;/;586;=;51,4%;80;/;301;=;26,6%;2
512;I;strawthatchedroof;1227;/;3085;=;39,8%;428;/;1227;=;34,9%;2
522;Z;villagebeauty;85;/;128;=;66,4%;18;/;85;=;21,2%;2
495;FR;Cornrick;113;/;273;=;41,4%;38;/;113;=;33,6%;2
496;WM;GlassblowersShop;1389;/;3080;=;45,1%;438;/;1389;=;31,5%;2
498;FR;Lighthouse;132;/;277;=;47,7%;38;/;132;=;28,8%;2
514;NL;GrainHarvester;39;/;70;=;55,7%;10;/;39;=;25,6%;2
515;PI;Professor;112;/;134;=;83,6%;19;/;112;=;17,0%;2
513;WM;Contractor;1322;/;2694;=;49,1%;374;/;1322;=;28,3%;2
516;FR;Stroller;110;/;253;=;43,5%;36;/;110;=;32,7%;2
517;FR;SunFarmer;159;/;262;=;60,7%;37;/;159;=;23,3%;2
518;FR;GoodFriend;154;/;248;=;62,1%;35;/;154;=;22,7%;2
520;PI;MasterCarpenter;77;/;121;=;63,6%;17;/;77;=;22,1%;2
521;NL;SheepHerder;43;/;87;=;49,4%;12;/;43;=;27,9%;2
519;FR;Journeyman;109;/;222;=;49,1%;31;/;109;=;28,4%;2
523;PI;AngryDuck;58;/;133;=;43,6%;18;/;58;=;31,0%;1,9
538;G;farmersmarket;315;/;608;=;51,8%;83;/;315;=;26,3%;1,9
525;WA;CloisterRuins;59;/;105;=;56,2%;14;/;59;=;23,7%;1,9
539;G;carrotfarmer;302;/;569;=;53,1%;74;/;302;=;24,5%;1,9
527;PI;FertilityShrine;58;/;149;=;38,9%;20;/;58;=;34,5%;1,9
540;G;hoemaker;305;/;531;=;57,4%;71;/;305;=;23,3%;1,9
541;G;wheedler;352;/;579;=;60,8%;78;/;351;=;22,2%;1,9
530;NL;HerringPot;45;/;82;=;54,9%;11;/;45;=;24,4%;1,9
542;G;headmaster;345;/;546;=;63,2%;73;/;345;=;21,2%;1,9
532;BI;HomeZoo;21;/;45;=;46,7%;6;/;21;=;28,6%;1,9
533;FL;LoversTryst;38;/;60;=;63,3%;8;/;38;=;21,1%;1,9
534;NL;Lumbermill;50;/;81;=;61,7%;11;/;50;=;22,0%;1,9
543;I;reedexchange;1614;/;3141;=;51,4%;411;/;1614;=;25,5%;1,9
524;FR;BreakfastOutdoors;99;/;231;=;42,9%;30;/;99;=;30,3%;1,9
526;WM;FarmSchool;1251;/;3118;=;40,1%;421;/;1250;=;33,7%;1,9
528;WM;GrainElevator;1506;/;3044;=;49,5%;414;/;1504;=;27,5%;1,9
529;FR;GrainMillOven;117;/;227;=;51,5%;30;/;117;=;25,6%;1,9
531;WM;HomeGarden;1431;/;2995;=;47,8%;390;/;1429;=;27,3%;1,9
535;FR;ParForceHunting;121;/;265;=;45,7%;36;/;121;=;29,8%;1,9
536;FR;PeasantsBoutique;125;/;265;=;47,2%;36;/;125;=;28,8%;1,9
537;WM;RotherhamPlow;1993;/;3082;=;64,7%;416;/;1993;=;20,9%;1,9
544;WM;StableDeliveryman;1561;/;2722;=;57,3%;364;/;1560;=;23,3%;1,9
545;PI;Backpacker;80;/;139;=;57,6%;18;/;80;=;22,5%;1,9
546;FR;CatLover;107;/;229;=;46,7%;31;/;107;=;29,0%;1,9
547;WM;Mailman;977;/;2725;=;35,9%;358;/;976;=;36,7%;1,9
548;FR;SculptorsSon;149;/;251;=;59,4%;34;/;149;=;22,8%;1,9
549;WA;FoundingFather;44;/;90;=;48,9%;12;/;44;=;27,3%;1,9
550;FR;UnicycleDriver;144;/;252;=;57,1%;34;/;144;=;23,6%;1,9
551;BI;BakingPowder;35;/;72;=;48,6%;9;/;35;=;25,7%;1,8
558;Z;bust;73;/;120;=;60,8%;15;/;73;=;20,5%;1,8
553;BI;Conspiracy;19;/;56;=;33,9%;7;/;19;=;36,8%;1,8
554;NL;EarlyGrain;21;/;78;=;26,9%;10;/;21;=;47,6%;1,8
559;E;yeomanfarmer;1207;/;2880;=;41,9%;371;/;1206;=;30,8%;1,8
556;WA;SmokingMantlepiece;36;/;89;=;40,4%;11;/;35;=;31,4%;1,8
560;E;cook;1134;/;2855;=;39,7%;349;/;1130;=;30,9%;1,8
561;E;fishingrod;1847;/;3172;=;58,2%;401;/;1845;=;21,7%;1,8
562;G;alternativedesigner;216;/;497;=;43,5%;64;/;216;=;29,6%;1,8
563;I;pigbreeder;1018;/;2867;=;35,5%;358;/;1016;=;35,2%;1,8
564;G;sheepmarket;351;/;609;=;57,6%;77;/;350;=;22,0%;1,8
565;G;stonecuttershall;269;/;563;=;47,8%;69;/;269;=;25,7%;1,8
552;WM;Bonfire;1540;/;3018;=;51,0%;388;/;1538;=;25,2%;1,8
555;FR;KidsCorner;141;/;274;=;51,5%;34;/;141;=;24,1%;1,8
557;WM;WormBait;1591;/;3021;=;52,7%;381;/;1589;=;24,0%;1,8
566;FR;DrinkerofAbsinthe;111;/;215;=;51,6%;27;/;111;=;24,3%;1,8
567;FR;PasteurizationExpert;127;/;248;=;51,2%;31;/;127;=;24,4%;1,8
568;FR;Powerhouse;93;/;244;=;38,1%;31;/;93;=;33,3%;1,8
569;FR;TowerBuilder;111;/;214;=;51,9%;27;/;111;=;24,3%;1,8
570;PI;WoundedVeteran;64;/;111;=;57,7%;14;/;64;=;21,9%;1,8
584;I;alms;964;/;3118;=;30,9%;364;/;964;=;37,8%;1,7
585;E;dancer;1624;/;2952;=;55,0%;355;/;1619;=;21,9%;1,7
573;NL;DutchClaypipe;32;/;66;=;48,5%;8;/;32;=;25,0%;1,7
586;E;pastor;1128;/;2775;=;40,6%;327;/;1126;=;29,0%;1,7
587;G;claystarter;250;/;550;=;45,5%;65;/;250;=;26,0%;1,7
576;NL;LargeGreenhouse;39;/;75;=;52,0%;9;/;39;=;23,1%;1,7
588;G;earlyriser;210;/;497;=;42,3%;59;/;210;=;28,1%;1,7
578;PI;Pitchfork;75;/;135;=;55,6%;16;/;75;=;21,3%;1,7
579;PI;Retirement;50;/;153;=;32,7%;18;/;50;=;36,0%;1,7
580;NL;RowBoat;47;/;76;=;61,8%;9;/;47;=;19,1%;1,7
589;G;singer;228;/;546;=;41,8%;65;/;228;=;28,5%;1,7
590;G;oldestoccupation;274;/;542;=;50,6%;66;/;274;=;24,1%;1,7
591;G;hayloft;228;/;602;=;37,9%;71;/;228;=;31,1%;1,7
592;G;horsebarn;260;/;631;=;41,2%;76;/;260;=;29,2%;1,7
593;K;organicfarmer;904;/;2978;=;30,4%;356;/;901;=;39,5%;1,7
594;K;tinsmith;1116;/;2921;=;38,2%;343;/;1116;=;30,7%;1,7
595;K;countryman;1323;/;3067;=;43,1%;369;/;1319;=;28,0%;1,7
596;K;stoneexchange;1589;/;3281;=;48,4%;402;/;1589;=;25,3%;1,7
597;G;vegetablescoop;286;/;576;=;49,7%;67;/;286;=;23,4%;1,7
598;I;wildlifereserve;1384;/;3086;=;44,8%;364;/;1383;=;26,3%;1,7
610;Z;seedtracer;66;/;132;=;50,0%;16;/;66;=;24,2%;1,7
571;WM;Birdcage;1470;/;3044;=;48,3%;356;/;1470;=;24,2%;1,7
572;FR;Brickyard;150;/;249;=;60,2%;30;/;150;=;20,0%;1,7
574;FR;FullbottomedWig;97;/;247;=;39,3%;29;/;97;=;29,9%;1,7
575;WM;Kindling;1505;/;2982;=;50,5%;348;/;1503;=;23,2%;1,7
577;FR;March;114;/;269;=;42,4%;32;/;114;=;28,1%;1,7
581;FR;SwimmingStudio;157;/;290;=;54,1%;35;/;157;=;22,3%;1,7
582;FR;ThePortLeHavre;75;/;243;=;30,9%;29;/;75;=;38,7%;1,7
599;NL;Excavator;41;/;74;=;55,4%;9;/;41;=;22,0%;1,7
583;FR;WateringCan;87;/;250;=;34,8%;30;/;87;=;34,5%;1,7
601;FL;Returnee;27;/;74;=;36,5%;9;/;27;=;33,3%;1,7
602;FL;Botanist;42;/;69;=;60,9%;8;/;42;=;19,0%;1,7
600;FR;RacingStableManager;134;/;264;=;50,8%;31;/;134;=;23,1%;1,7
603;WM;DebrisDealer;989;/;2673;=;37,0%;326;/;989;=;33,0%;1,7
604;WM;Godfather;934;/;2763;=;33,8%;321;/;934;=;34,4%;1,7
605;FR;LemonTrader;85;/;242;=;35,1%;29;/;85;=;34,1%;1,7
607;WA;MotherofTwo;39;/;94;=;41,5%;11;/;39;=;28,2%;1,7
608;WA;NeedleworkTeacher;45;/;112;=;40,2%;13;/;45;=;28,9%;1,7
609;WA;Porter;42;/;92;=;45,7%;11;/;42;=;26,2%;1,7
606;WM;MasterCook;1252;/;2697;=;46,4%;322;/;1252;=;25,7%;1,7
617;G;barteringhut;208;/;568;=;36,6%;63;/;207;=;30,4%;1,6
618;E;mastershepherd;1023;/;2911;=;35,1%;334;/;1021;=;32,7%;1,6
619;G;stonedeliveryman;171;/;488;=;35,0%;55;/;171;=;32,2%;1,6
614;WA;Saxophone;41;/;92;=;44,6%;10;/;41;=;24,4%;1,6
620;E;helpfulneighbors;1629;/;3305;=;49,3%;376;/;1628;=;23,1%;1,6
616;BI;WoodenButtons;24;/;55;=;43,6%;6;/;24;=;25,0%;1,6
621;I;cowherd;963;/;2798;=;34,4%;306;/;961;=;31,8%;1,6
622;G;itinerantlaborers;228;/;606;=;37,6%;68;/;228;=;29,8%;1,6
623;K;schnapsdistiller;1299;/;2921;=;44,5%;315;/;1292;=;24,4%;1,6
611;WM;Attic;1483;/;3077;=;48,2%;350;/;1483;=;23,6%;1,6
612;FR;Haystack;113;/;255;=;44,3%;28;/;113;=;24,8%;1,6
613;WM;Ram;1021;/;2992;=;34,1%;331;/;1020;=;32,5%;1,6
615;WM;Steamer;1456;/;3025;=;48,1%;344;/;1455;=;23,6%;1,6
624;WM;TapestryWeaver;845;/;2729;=;31,0%;298;/;845;=;35,3%;1,6
625;NL;CrownPrince;37;/;79;=;46,8%;9;/;37;=;24,3%;1,6
626;FR;AnimalWelfarist;127;/;235;=;54,0%;27;/;127;=;21,3%;1,6
627;FL;PillarBiter;39;/;61;=;63,9%;7;/;39;=;17,9%;1,6
634;E;claymixer;1537;/;2860;=;53,7%;302;/;1531;=;19,7%;1,5
629;BI;Custard;25;/;66;=;37,9%;7;/;25;=;28,0%;1,5
635;G;pilgrim;190;/;527;=;36,1%;57;/;190;=;30,0%;1,5
636;I;harrow;1526;/;3106;=;49,1%;327;/;1523;=;21,5%;1,5
632;PI;MarketSquare;61;/;139;=;43,9%;15;/;61;=;24,6%;1,5
637;K;travelingsalesman;1228;/;2985;=;41,1%;309;/;1221;=;25,3%;1,5
638;K;liquidmanure;925;/;3295;=;28,1%;335;/;923;=;36,3%;1,5
639;G;magicbeans;179;/;600;=;29,8%;64;/;179;=;35,8%;1,5
640;E;potatodibber;1390;/;3114;=;44,6%;322;/;1389;=;23,2%;1,5
641;E;stonetongs;1529;/;3253;=;47,0%;346;/;1523;=;22,7%;1,5
628;FR;Badger;99;/;264;=;37,5%;28;/;99;=;28,3%;1,5
630;WM;FestivalHall;1012;/;3046;=;33,2%;320;/;1012;=;31,6%;1,5
631;FR;Hammock;116;/;248;=;46,8%;26;/;116;=;22,4%;1,5
633;WM;WildBreeding;974;/;2999;=;32,5%;308;/;973;=;31,7%;1,5
642;NL;BasketmakersSon;36;/;77;=;46,8%;8;/;36;=;22,2%;1,5
643;WM;BranchCollector;932;/;2691;=;34,6%;280;/;931;=;30,1%;1,5
644;FR;ManualLabourer;104;/;243;=;42,8%;26;/;104;=;25,0%;1,5
645;FR;Miser;136;/;242;=;56,2%;25;/;136;=;18,4%;1,5
646;WA;Tinkerer;69;/;94;=;73,4%;10;/;69;=;14,5%;1,5
647;NL;TreeCutter;45;/;68;=;66,2%;7;/;45;=;15,6%;1,5
648;WM;WoodWorker;919;/;2679;=;34,3%;285;/;918;=;31,0%;1,5
649;FR;ChildCareWorker;95;/;266;=;35,7%;28;/;95;=;29,5%;1,5
658;I;bakerskitchen;989;/;3036;=;32,6%;290;/;988;=;29,4%;1,4
659;Z;chapel;46;/;112;=;41,1%;11;/;46;=;23,9%;1,4
660;CZ;cz3onlychild;34;/;109;=;31,2%;11;/;34;=;32,4%;1,4
653;WA;MaterneJam;25;/;92;=;27,2%;9;/;25;=;36,0%;1,4
654;NL;MonasticVows;21;/;73;=;28,8%;7;/;21;=;33,3%;1,4
661;E;potter;864;/;2877;=;30,0%;272;/;864;=;31,5%;1,4
662;E;woodenhutbuilder;939;/;2888;=;32,5%;290;/;937;=;30,9%;1,4
663;G;foodcritic;144;/;542;=;26,6%;52;/;144;=;36,1%;1,4
664;G;inventor;219;/;514;=;42,6%;49;/;219;=;22,4%;1,4
665;G;apprentice;151;/;549;=;27,5%;52;/;151;=;34,4%;1,4
666;G;truffledigger;240;/;546;=;44,0%;53;/;240;=;22,1%;1,4
667;I;clayplasterer;1402;/;2753;=;50,9%;279;/;1400;=;19,9%;1,4
668;I;woodbuyer;1052;/;2790;=;37,7%;268;/;1051;=;25,5%;1,4
669;G;privatemarket;222;/;586;=;37,9%;59;/;222;=;26,6%;1,4
670;G;sheepdog;229;/;565;=;40,5%;54;/;229;=;23,6%;1,4
671;E;spices;1386;/;3144;=;44,1%;304;/;1385;=;21,9%;1,4
672;E;woodfiredoven;1290;/;3313;=;38,9%;329;/;1286;=;25,6%;1,4
650;WM;Apprenticeship;1080;/;3061;=;35,3%;307;/;1079;=;28,5%;1,4
651;FR;Baguette;115;/;253;=;45,5%;25;/;115;=;21,7%;1,4
652;WM;Honeymoon;829;/;3040;=;27,3%;304;/;829;=;36,7%;1,4
655;FR;Necklace;82;/;242;=;33,9%;23;/;82;=;28,0%;1,4
656;WM;ReedNursery;1058;/;2998;=;35,3%;289;/;1057;=;27,3%;1,4
657;FR;TriptotheLake;143;/;264;=;54,2%;26;/;143;=;18,2%;1,4
673;NL;CanalBoatman;27;/;70;=;38,6%;7;/;27;=;25,9%;1,4
674;FR;DrawingGenius;65;/;241;=;27,0%;24;/;65;=;36,9%;1,4
675;FL;RubenesqueWoman;28;/;63;=;44,4%;6;/;28;=;21,4%;1,4
676;PI;Alchemist;43;/;125;=;34,4%;12;/;43;=;27,9%;1,4
677;BI;LinenWeaver;16;/;63;=;25,4%;6;/;16;=;37,5%;1,4
678;BI;WhiteBrazilian;16;/;42;=;38,1%;4;/;16;=;25,0%;1,4
679;FR;MartialArtist;62;/;248;=;25,0%;25;/;62;=;40,3%;1,4
680;PI;PestExterminator;38;/;113;=;33,6%;11;/;38;=;28,9%;1,4
681;WA;Ardennes;41;/;100;=;41,0%;9;/;41;=;22,0%;1,3
682;NL;BeachChair;41;/;87;=;47,1%;8;/;41;=;19,5%;1,3
692;E;stablehand;1035;/;2874;=;36,0%;258;/;1033;=;25,0%;1,3
684;NL;DutchMountains;44;/;75;=;58,7%;7;/;44;=;15,9%;1,3
685;PI;FishingPier;71;/;127;=;55,9%;12;/;71;=;16,9%;1,3
686;WA;GreyMatter;22;/;79;=;27,8%;7;/;22;=;31,8%;1,3
687;WA;PilgrimageSite;38;/;99;=;38,4%;9;/;38;=;23,7%;1,3
688;BI;RavensbrgerSpinningM;25;/;54;=;46,3%;5;/;25;=;20,0%;1,3
689;WA;SteamEngine;32;/;110;=;29,1%;10;/;32;=;31,3%;1,3
690;NL;WaterHouse;39;/;78;=;50,0%;7;/;39;=;17,9%;1,3
693;E;clayseller;989;/;2898;=;34,1%;271;/;986;=;27,5%;1,3
694;G;architect;177;/;566;=;31,3%;51;/;177;=;28,8%;1,3
695;G;artisan;196;/;558;=;35,1%;51;/;196;=;26,0%;1,3
696;G;hobbyist;208;/;557;=;37,3%;51;/;208;=;24,5%;1,3
697;G;grainmarket;181;/;628;=;28,8%;57;/;181;=;31,5%;1,3
698;I;pavedroad;846;/;3066;=;27,6%;287;/;846;=;33,9%;1,3
699;E;raft;1550;/;3238;=;47,9%;297;/;1543;=;19,2%;1,3
700;O;vineyard;55;/;90;=;61,1%;8;/;55;=;14,5%;1,3
683;WM;ChangingPlans;1087;/;3102;=;35,0%;281;/;1087;=;25,9%;1,3
691;WM;WineCloset;1121;/;3047;=;36,8%;270;/;1120;=;24,1%;1,3
701;NL;FlyingHousewife;17;/;96;=;17,7%;9;/;17;=;52,9%;1,3
702;WM;Hunter;1157;/;2771;=;41,8%;257;/;1157;=;22,2%;1,3
703;NL;KitchenMaid;35;/;76;=;46,1%;7;/;35;=;20,0%;1,3
704;WA;Surrealist;40;/;87;=;46,0%;8;/;40;=;20,0%;1,3
705;WM;TavernKeeper;665;/;2755;=;24,1%;256;/;665;=;38,5%;1,3
706;NL;Thresher;41;/;67;=;61,2%;6;/;41;=;14,6%;1,3
707;FR;WoodGatherers;104;/;212;=;49,1%;19;/;104;=;18,3%;1,3
708;WM;AnimalBuyer;777;/;2722;=;28,5%;255;/;777;=;32,8%;1,3
709;WA;BeerMuseum;43;/;97;=;44,3%;8;/;43;=;18,6%;1,2
715;K;bakehouse;995;/;3286;=;30,3%;273;/;992;=;27,5%;1,2
711;FL;Cart;29;/;59;=;49,2%;5;/;29;=;17,2%;1,2
712;NL;GrasshopperBundles;16;/;87;=;18,4%;7;/;16;=;43,8%;1,2
713;FL;LionsMound;17;/;71;=;23,9%;6;/;17;=;35,3%;1,2
714;NL;StoneBank;35;/;81;=;43,2%;7;/;35;=;20,0%;1,2
716;E;tenantfarmer;891;/;2910;=;30,6%;247;/;890;=;27,8%;1,2
717;G;astronomer;153;/;544;=;28,1%;44;/;153;=;28,8%;1,2
718;G;bard;206;/;545;=;37,8%;47;/;206;=;22,8%;1,2
719;I;netfisherman;1045;/;2787;=;37,5%;229;/;1045;=;21,9%;1,2
720;I;harvesthelper;641;/;2750;=;23,3%;224;/;640;=;35,0%;1,2
721;I;groom;711;/;2741;=;25,9%;226;/;710;=;31,8%;1,2
722;G;potterswheel;264;/;628;=;42,0%;53;/;263;=;20,2%;1,2
723;G;reedbeds;285;/;623;=;45,7%;54;/;285;=;18,9%;1,2
724;K;sawmill;955;/;3254;=;29,3%;278;/;952;=;29,2%;1,2
725;O;unusualarchitecture;54;/;129;=;41,9%;11;/;54;=;20,4%;1,2
710;WM;Brazier;1059;/;3039;=;34,8%;265;/;1059;=;25,0%;1,2
726;PI;Altruist;56;/;127;=;44,1%;11;/;56;=;19,6%;1,2
727;BI;AppleMan;30;/;73;=;41,1%;6;/;30;=;20,0%;1,2
728;FL;Elder;15;/;69;=;21,7%;6;/;15;=;40,0%;1,2
729;WM;Cowboy;877;/;2722;=;32,2%;237;/;877;=;27,0%;1,2
730;WM;ExpertBuilder;901;/;2696;=;33,4%;235;/;901;=;26,1%;1,2
731;NL;OysterEater;41;/;73;=;56,2%;6;/;41;=;14,6%;1,2
732;FR;Prefect;69;/;219;=;31,5%;18;/;69;=;26,1%;1,2
733;NL;DancerandSpy2;29;/;82;=;35,4%;7;/;29;=;24,1%;1,2
737;E;quarryman;793;/;2843;=;27,9%;216;/;793;=;27,2%;1,1
738;E;cattlewhisperer;708;/;2840;=;24,9%;211;/;706;=;29,9%;1,1
736;NL;MinimumWage;22;/;68;=;32,4%;5;/;22;=;22,7%;1,1
739;E;masterforester;1053;/;2880;=;36,6%;228;/;1050;=;21,7%;1,1
740;G;understudy;321;/;558;=;57,5%;42;/;321;=;13,1%;1,1
741;I;fencebuilder;952;/;2790;=;34,1%;219;/;950;=;23,1%;1,1
742;I;watercarrier;907;/;2854;=;31,8%;225;/;907;=;24,8%;1,1
743;I;streetmusician;895;/;2771;=;32,3%;217;/;895;=;24,2%;1,1
744;I;sycophant;974;/;2803;=;34,7%;225;/;974;=;23,1%;1,1
745;K;tanner;695;/;2873;=;24,2%;224;/;695;=;32,2%;1,1
746;E;marketstall;874;/;3204;=;27,3%;243;/;873;=;27,8%;1,1
747;O;waltzer;64;/;122;=;52,5%;9;/;64;=;14,1%;1,1
748;G;privateschool;198;/;590;=;33,6%;44;/;198;=;22,2%;1,1
749;Z;taxidermist;22;/;128;=;17,2%;10;/;22;=;45,5%;1,1
734;FR;Bathroom;73;/;253;=;28,9%;20;/;73;=;27,4%;1,1
735;FR;Heatwave;83;/;271;=;30,6%;21;/;83;=;25,3%;1,1
759;O;coffeehouse;28;/;125;=;22,4%;9;/;28;=;32,1%;1
751;WA;ClutchDrive;25;/;105;=;23,8%;7;/;25;=;28,0%;1
752;NL;Cypress;19;/;57;=;33,3%;4;/;19;=;21,1%;1
753;NL;Ditch;12;/;69;=;17,4%;5;/;12;=;41,7%;1
760;G;cowbell;171;/;546;=;31,3%;39;/;171;=;22,8%;1
761;CZ;cz4jackofalltrades;33;/;129;=;25,6%;9;/;33;=;27,3%;1
756;NL;SingleSidedPlow;48;/;74;=;64,9%;5;/;48;=;10,4%;1
757;FL;StuckCart;22;/;90;=;24,4%;6;/;22;=;27,3%;1
758;NL;TulipField;17;/;72;=;23,6%;5;/;17;=;29,4%;1
762;E;brushmaker;653;/;2902;=;22,5%;207;/;651;=;31,8%;1
763;E;fisherman;1032;/;2930;=;35,2%;203;/;1027;=;19,8%;1
764;G;fencehelper;162;/;552;=;29,3%;39;/;162;=;24,1%;1
765;E;gypsysrock;915;/;3283;=;27,9%;224;/;914;=;24,5%;1
766;I;cabinetmaker;625;/;2782;=;22,5%;204;/;625;=;32,6%;1
767;I;outrider;631;/;2854;=;22,1%;205;/;631;=;32,5%;1
768;G;irrigationcanal;192;/;636;=;30,2%;45;/;192;=;23,4%;1
769;K;foreman;661;/;2844;=;23,2%;206;/;661;=;31,2%;1
770;K;serf;975;/;2946;=;33,1%;207;/;973;=;21,3%;1
771;O;childprodigy;29;/;118;=;24,6%;8;/;29;=;27,6%;1
772;O;buildingtycoon;34;/;112;=;30,4%;8;/;34;=;23,5%;1
773;E;outhouse;1088;/;3153;=;34,5%;213;/;1087;=;19,6%;1
774;G;seedspreader;303;/;597;=;50,8%;43;/;301;=;14,3%;1
775;G;shovel;196;/;610;=;32,1%;42;/;196;=;21,4%;1
783;Z;cubecutter;21;/;89;=;23,6%;6;/;21;=;28,6%;1
750;FR;Chameleon;60;/;248;=;24,2%;17;/;60;=;28,3%;1
754;FR;KitchenTable;69;/;244;=;28,3%;17;/;69;=;24,6%;1
755;WM;PrizewinningSheep;667;/;2969;=;22,5%;202;/;666;=;30,3%;1
777;NL;FarmersDaughter;34;/;84;=;40,5%;6;/;34;=;17,6%;1
776;WM;BreadCarrier;762;/;2767;=;27,5%;190;/;761;=;25,0%;1
778;WM;Chemist;875;/;2759;=;31,7%;196;/;875;=;22,4%;1
780;BI;Vampire;29;/;59;=;49,2%;4;/;29;=;13,8%;1
781;FL;FlemishPatriot;13;/;58;=;22,4%;4;/;13;=;30,8%;1
782;FL;GoldWeigher;16;/;58;=;27,6%;4;/;16;=;25,0%;1
779;WM;StorehouseMinder;605;/;2708;=;22,3%;193;/;605;=;31,9%;1
784;NL;BeanBasket;18;/;66;=;27,3%;4;/;18;=;22,2%;0,9
785;NL;Brook;52;/;93;=;55,9%;6;/;52;=;11,5%;0,9
790;G;almanac;113;/;579;=;19,5%;36;/;113;=;31,9%;0,9
787;WA;FoieGras;38;/;84;=;45,2%;5;/;38;=;13,2%;0,9
788;FL;SpeculoosBakery;14;/;67;=;20,9%;4;/;14;=;28,6%;0,9
791;Z;barbecue;23;/;109;=;21,1%;7;/;23;=;30,4%;0,9
792;G;dunghill;118;/;620;=;19,0%;37;/;118;=;31,4%;0,9
793;E;mendicant;685;/;2898;=;23,6%;184;/;685;=;26,9%;0,9
794;E;merchant;726;/;2929;=;24,8%;188;/;724;=;26,0%;0,9
795;E;storyteller;832;/;2884;=;28,8%;191;/;830;=;23,0%;0,9
796;E;feedpellets;966;/;3372;=;28,6%;216;/;963;=;22,4%;0,9
797;G;grafter;133;/;485;=;27,4%;30;/;133;=;22,6%;0,9
798;G;grainfarmer;117;/;535;=;21,9%;34;/;117;=;29,1%;0,9
799;G;glassblower;170;/;551;=;30,9%;35;/;170;=;20,6%;0,9
800;G;pondwatchman;172;/;541;=;31,8%;34;/;171;=;19,9%;0,9
801;I;juggler;847;/;2811;=;30,1%;173;/;846;=;20,4%;0,9
802;K;animalhandler;535;/;2968;=;18,0%;183;/;533;=;34,3%;0,9
803;E;millstone;995;/;3099;=;32,1%;188;/;992;=;19,0%;0,9
804;G;plentifulfields;134;/;593;=;22,6%;37;/;134;=;27,6%;0,9
805;I;schnapsdistillery;719;/;3090;=;23,3%;201;/;719;=;28,0%;0,9
806;O;spielefest;34;/;133;=;25,6%;8;/;34;=;23,5%;0,9
807;Z;venusfigure;42;/;132;=;31,8%;8;/;42;=;19,0%;0,9
817;Z;sower;33;/;127;=;26,0%;8;/;33;=;24,2%;0,9
786;WM;FishPond;880;/;3043;=;28,9%;202;/;880;=;23,0%;0,9
789;FR;WoodSaw;55;/;235;=;23,4%;15;/;55;=;27,3%;0,9
808;FR;CardPlayer;69;/;251;=;27,5%;16;/;69;=;23,2%;0,9
810;WA;MilitaryLeader;31;/;98;=;31,6%;6;/;31;=;19,4%;0,9
811;NL;WomanWeighingPearls;24;/;77;=;31,2%;5;/;24;=;20,8%;0,9
812;NL;ClothMaker;23;/;76;=;30,3%;5;/;23;=;21,7%;0,9
813;WA;Doula;34;/;108;=;31,5%;7;/;34;=;20,6%;0,9
814;BI;InstituteFounder;13;/;46;=;28,3%;3;/;13;=;23,1%;0,9
815;WA;Lutenist;17;/;96;=;17,7%;6;/;17;=;35,3%;0,9
809;WM;GemHunter;983;/;2697;=;36,4%;164;/;983;=;16,7%;0,9
816;FR;Prosecutor;61;/;243;=;25,1%;15;/;61;=;24,6%;0,9
818;FL;Cockaigne;21;/;72;=;29,2%;4;/;21;=;19,0%;0,8
819;FL;DiamondTradingPost;32;/;70;=;45,7%;4;/;32;=;12,5%;0,8
820;WA;IdealLandscape;22;/;89;=;24,7%;5;/;22;=;22,7%;0,8
821;BI;SchlachterChurch;7;/;57;=;12,3%;3;/;7;=;42,9%;0,8
822;K;breadpaddle;838;/;3222;=;26,0%;184;/;837;=;22,0%;0,8
823;E;cattlemarket;698;/;3225;=;21,6%;181;/;698;=;25,9%;0,8
824;E;drinkingtrough;829;/;3201;=;25,9%;183;/;828;=;22,1%;0,8
825;E;academic;508;/;2898;=;17,5%;154;/;506;=;30,4%;0,8
826;E;conjurer;859;/;2825;=;30,4%;166;/;859;=;19,3%;0,8
827;G;errantoven;103;/;588;=;17,5%;34;/;103;=;33,0%;0,8
828;G;miner;147;/;545;=;27,0%;31;/;147;=;21,1%;0,8
829;G;helper;183;/;522;=;35,1%;31;/;183;=;16,9%;0,8
830;G;hiredhelpers;161;/;593;=;27,2%;34;/;161;=;21,1%;0,8
831;I;stonebuyer;904;/;2854;=;31,7%;169;/;904;=;18,7%;0,8
832;K;shepherdboy;538;/;2935;=;18,3%;172;/;537;=;32,0%;0,8
833;K;stonebreaker;564;/;2957;=;19,1%;168;/;563;=;29,8%;0,8
834;O;skiinstructor;29;/;119;=;24,4%;7;/;29;=;24,1%;0,8
835;I;slaughterhouse;679;/;3166;=;21,4%;173;/;678;=;25,5%;0,8
836;K;spitroast;847;/;3385;=;25,0%;184;/;844;=;21,8%;0,8
837;G;woodenbridge;155;/;582;=;26,6%;34;/;155;=;21,9%;0,8
838;I;woodencrane;752;/;3041;=;24,7%;175;/;752;=;23,3%;0,8
839;NL;Brewer;22;/;95;=;23,2%;5;/;22;=;22,7%;0,8
840;NL;ClayBaker;28;/;85;=;32,9%;5;/;28;=;17,9%;0,8
841;WA;FrescoPainter;27;/;90;=;30,0%;5;/;27;=;18,5%;0,8
842;BI;ProtestSinger;13;/;55;=;23,6%;3;/;13;=;23,1%;0,8
849;Z;cooper;55;/;114;=;48,2%;6;/;55;=;10,9%;0,8
843;FR;Agrarian;60;/;231;=;26,0%;13;/;60;=;21,7%;0,8
844;WM;CovetousFarmer;464;/;2781;=;16,7%;156;/;464;=;33,6%;0,8
846;NL;Suffragette2;34;/;73;=;46,6%;4;/;34;=;11,8%;0,8
847;PI;Contortionist;40;/;127;=;31,5%;7;/;40;=;17,5%;0,8
848;WA;StreetChansonnier;26;/;71;=;36,6%;4;/;26;=;15,4%;0,8
845;WM;Minimalist;482;/;2730;=;17,7%;148;/;482;=;30,7%;0,8
850;WA;BeerParlor;25;/;96;=;26,0%;5;/;25;=;20,0%;0,7
851;WA;BowlerHat;33;/;107;=;30,8%;5;/;33;=;15,2%;0,7
852;FL;CornMaze;9;/;64;=;14,1%;3;/;9;=;33,3%;0,7
853;FL;FarmCart;10;/;62;=;16,1%;3;/;10;=;30,0%;0,7
854;FL;Office;17;/;60;=;28,3%;3;/;17;=;17,6%;0,7
855;NL;Poorhouse;19;/;85;=;22,4%;4;/;19;=;21,1%;0,7
858;I;animalfeed;400;/;3112;=;12,9%;152;/;400;=;38,0%;0,7
859;Z;brewerscopper;28;/;137;=;20,4%;7;/;28;=;25,0%;0,7
860;E;masterbrewer;514;/;2862;=;18,0%;139;/;514;=;27,0%;0,7
861;E;swineherd;611;/;2898;=;21,1%;141;/;610;=;23,1%;0,7
862;G;masterbakersapprentice;87;/;536;=;16,2%;26;/;87;=;29,9%;0,7
863;G;seedmaster;108;/;537;=;20,1%;25;/;108;=;23,1%;0,7
864;G;bakersdaughter;99;/;490;=;20,2%;25;/;99;=;25,3%;0,7
865;G;fishseller;115;/;521;=;22,1%;24;/;115;=;20,9%;0,7
866;I;fieldsman;447;/;2700;=;16,6%;140;/;447;=;31,3%;0,7
867;K;animaltamer;600;/;2831;=;21,2%;140;/;597;=;23,5%;0,7
868;K;forester;493;/;2901;=;17,0%;132;/;493;=;26,8%;0,7
869;K;storehouseclerk;489;/;2945;=;16,6%;142;/;486;=;29,2%;0,7
870;I;manure;597;/;3017;=;19,8%;154;/;597;=;25,8%;0,7
871;G;sheepskinrug;120;/;597;=;20,1%;31;/;120;=;25,8%;0,7
872;E;shepherdspipe;648;/;3190;=;20,3%;150;/;647;=;23,2%;0,7
856;FR;VegetableHarvest;106;/;253;=;41,9%;13;/;106;=;12,3%;0,7
857;FR;WildGame;71;/;239;=;29,7%;12;/;71;=;16,9%;0,7
873;WM;FamilyPlanner;722;/;2640;=;27,3%;134;/;722;=;18,6%;0,7
874;BI;Survivalist;9;/;40;=;22,5%;2;/;9;=;22,2%;0,7
875;WA;HobbyMathematician;34;/;100;=;34,0%;5;/;34;=;14,7%;0,7
876;FL;MeatSupplier;10;/;64;=;15,6%;3;/;10;=;30,0%;0,7
877;NL;PotatoEater;18;/;65;=;27,7%;3;/;18;=;16,7%;0,7
878;FL;BirdTrap;11;/;76;=;14,5%;3;/;11;=;27,3%;0,6
882;I;copse;557;/;3157;=;17,6%;131;/;555;=;23,6%;0,6
880;FL;JannekenPis;15;/;68;=;22,1%;3;/;15;=;20,0%;0,6
881;NL;Stage;14;/;91;=;15,4%;4;/;14;=;28,6%;0,6
883;E;maid;521;/;2887;=;18,0%;128;/;519;=;24,7%;0,6
884;E;stonecarrier;593;/;2924;=;20,3%;125;/;592;=;21,1%;0,6
885;E;estatemanager;345;/;2878;=;12,0%;129;/;344;=;37,5%;0,6
886;G;hermit;54;/;520;=;10,4%;21;/;54;=;38,9%;0,6
887;I;handmill;533;/;3129;=;17,0%;123;/;533;=;23,1%;0,6
888;I;reedbuyer;715;/;2853;=;25,1%;124;/;714;=;17,4%;0,6
889;K;pigwhisperer;493;/;2907;=;17,0%;123;/;490;=;25,1%;0,6
890;O;therapist;25;/;111;=;22,5%;5;/;25;=;20,0%;0,6
891;E;plane;497;/;3195;=;15,6%;133;/;497;=;26,8%;0,6
892;Z;scarecrow;13;/;127;=;10,2%;5;/;13;=;38,5%;0,6
893;G;scythe;147;/;591;=;24,9%;26;/;144;=;18,1%;0,6
894;E;spindle;610;/;3208;=;19,0%;132;/;610;=;21,6%;0,6
895;I;tavern;421;/;3076;=;13,7%;122;/;421;=;29,0%;0,6
896;G;touristfarm;107;/;619;=;17,3%;24;/;107;=;22,4%;0,6
897;I;weeklymarket;383;/;3150;=;12,2%;124;/;383;=;32,4%;0,6
879;WM;FriendlyPastures;659;/;3050;=;21,6%;120;/;659;=;18,2%;0,6
898;FR;AwardWinner;68;/;260;=;26,2%;11;/;68;=;16,2%;0,6
899;NL;GrainReaper;21;/;76;=;27,6%;3;/;21;=;14,3%;0,6
900;WA;SeedScatterer;15;/;94;=;16,0%;4;/;15;=;26,7%;0,6
901;FR;Musketeer;45;/;237;=;19,0%;10;/;45;=;22,2%;0,6
905;K;brewery;455;/;3224;=;14,1%;121;/;454;=;26,7%;0,5
906;E;clayfirer;344;/;2814;=;12,2%;97;/;343;=;28,3%;0,5
904;WA;HoveringStone;9;/;92;=;9,8%;3;/;9;=;33,3%;0,5
907;K;flail;551;/;3297;=;16,7%;104;/;551;=;18,9%;0,5
908;G;carrotcakebaker;78;/;530;=;14,7%;18;/;78;=;23,1%;0,5
909;G;pearlseeker;119;/;506;=;23,5%;17;/;118;=;14,4%;0,5
910;G;vegetarian;66;/;585;=;11,3%;20;/;66;=;30,3%;0,5
911;G;auctioneer;45;/;565;=;8,0%;18;/;45;=;40,0%;0,5
912;G;ringmaster;102;/;537;=;19,0%;17;/;102;=;16,7%;0,5
913;I;cornprofiteer;348;/;2811;=;12,4%;105;/;348;=;30,2%;0,5
914;K;framebuilder;451;/;2881;=;15,7%;100;/;449;=;22,3%;0,5
915;K;slaughterman;431;/;2940;=;14,7%;100;/;431;=;23,2%;0,5
916;K;basinmaker;282;/;2863;=;9,8%;94;/;281;=;33,5%;0,5
917;I;threshingboard;455;/;3064;=;14,8%;103;/;455;=;22,6%;0,5
902;WM;AnimalNursery;469;/;2937;=;16,0%;96;/;468;=;20,5%;0,5
903;WM;EdibleRoots;429;/;3041;=;14,1%;116;/;429;=;27,0%;0,5
918;WA;BigBangTheorist;8;/;90;=;8,9%;3;/;8;=;37,5%;0,5
919;WA;FounderoftheOrder;14;/;94;=;14,9%;3;/;14;=;21,4%;0,5
920;WA;Songwriter;29;/;80;=;36,3%;3;/;29;=;10,3%;0,5
921;NL;PancakePan;8;/;64;=;12,5%;2;/;8;=;25,0%;0,4
922;E;butterchurn;385;/;3188;=;12,1%;78;/;384;=;20,3%;0,4
923;K;clapper;405;/;3237;=;12,5%;97;/;404;=;24,0%;0,4
924;E;dockworker;215;/;2867;=;7,5%;79;/;214;=;36,9%;0,4
925;E;meatseller;462;/;2863;=;16,1%;88;/;459;=;19,2%;0,4
926;E;animalkeeper;346;/;2732;=;12,7%;81;/;345;=;23,5%;0,4
927;G;gardeningtools;78;/;627;=;12,4%;17;/;78;=;21,8%;0,4
928;I;sheepwhisperer;317;/;2777;=;11,4%;79;/;317;=;24,9%;0,4
929;K;veterinarian;303;/;2912;=;10,4%;82;/;303;=;27,1%;0,4
930;K;weaver;310;/;2933;=;10,6%;75;/;310;=;24,2%;0,4
931;FL;FryCook;9;/;71;=;12,7%;2;/;9;=;22,2%;0,4
932;NL;Maidservant;21;/;77;=;27,3%;2;/;21;=;9,5%;0,4
933;WA;ObedientBrother;19;/;98;=;19,4%;3;/;19;=;15,8%;0,4
934;FL;ShepherdwithFlock;21;/;74;=;28,4%;2;/;21;=;9,5%;0,4
940;Z;gamedesigner;17;/;152;=;11,2%;4;/;17;=;23,5%;0,4
936;PI;ChiselMaker;23;/;122;=;18,9%;3;/;23;=;13,0%;0,4
937;NL;ConArtist;9;/;65;=;13,8%;2;/;9;=;22,2%;0,4
938;NL;Rationalist2;9;/;64;=;14,1%;2;/;9;=;22,2%;0,4
939;FL;Recluse;8;/;68;=;11,8%;2;/;8;=;25,0%;0,4
935;WM;Amazon;381;/;2851;=;13,4%;82;/;381;=;21,5%;0,4
942;I;cornstorehouse;244;/;3103;=;7,9%;57;/;244;=;23,4%;0,3
943;E;breadseller;224;/;2853;=;7,9%;54;/;224;=;24,1%;0,3
944;I;claydigger;360;/;2849;=;12,6%;69;/;360;=;19,2%;0,3
945;I;milkingshed;330;/;3193;=;10,3%;77;/;329;=;23,4%;0,3
946;O;familysingers;3;/;101;=;3,0%;2;/;3;=;66,7%;0,3
947;O;actionartist;11;/;97;=;11,3%;2;/;11;=;18,2%;0,3
948;E;windmill;345;/;3310;=;10,4%;79;/;345;=;22,9%;0,3
941;WM;FreeRangeChickens;222;/;2978;=;7,5%;64;/;222;=;28,8%;0,3
949;BI;Deaconess;7;/;52;=;13,5%;1;/;7;=;14,3%;0,3
950;WM;Permaculturist;304;/;2740;=;11,1%;63;/;304;=;20,7%;0,3
951;WA;SceneryPainter;10;/;97;=;10,3%;2;/;10;=;20,0%;0,3
952;PI;Footman;20;/;131;=;15,3%;3;/;20;=;15,0%;0,3
953;WA;WellInspector;8;/;93;=;8,6%;2;/;8;=;25,0%;0,3
954;FL;CarrotMuseum;15;/;63;=;23,8%;1;/;15;=;6,7%;0,2
955;FL;EducationalBuilding;20;/;69;=;29,0%;1;/;20;=;5,0%;0,2
956;WA;MarlyMachine;18;/;92;=;19,6%;1;/;18;=;5,6%;0,2
957;FL;WoodenDraisine;14;/;68;=;20,6%;1;/;14;=;7,1%;0,2
958;E;stablemaster;140;/;2876;=;4,9%;35;/;140;=;25,0%;0,2
959;E;turner;185;/;2906;=;6,4%;48;/;185;=;25,9%;0,2
960;E;shepherd;164;/;2810;=;5,8%;41;/;163;=;25,2%;0,2
961;G;mooch;31;/;544;=;5,7%;9;/;31;=;29,0%;0,2
962;G;opportunist;38;/;544;=;7,0%;8;/;38;=;21,1%;0,2
963;I;holidayhouse;136;/;3060;=;4,4%;33;/;136;=;24,3%;0,2
964;I;midwife;190;/;2846;=;6,7%;43;/;190;=;22,6%;0,2
965;I;pigcatcher;129;/;2806;=;4,6%;33;/;128;=;25,8%;0,2
966;K;smallholder;177;/;2865;=;6,2%;44;/;177;=;24,9%;0,2
967;K;animaltrainer;247;/;3026;=;8,2%;50;/;246;=;20,3%;0,2
968;Z;wagenburg;9;/;116;=;7,8%;2;/;9;=;22,2%;0,2
978;Z;gentleman;21;/;126;=;16,7%;2;/;21;=;9,5%;0,2
970;FL;RoughBaker;18;/;60;=;30,0%;1;/;18;=;5,6%;0,2
971;FL;SchoolDropout;18;/;73;=;24,7%;1;/;18;=;5,6%;0,2
972;FL;Sculptor;13;/;70;=;18,6%;1;/;13;=;7,7%;0,2
973;FL;VegetableSeller;6;/;63;=;9,5%;1;/;6;=;16,7%;0,2
974;FL;NorthSeaFisherman;9;/;72;=;12,5%;1;/;9;=;11,1%;0,2
975;NL;SalvationArmyOfficer;9;/;83;=;10,8%;1;/;9;=;11,1%;0,2
976;FL;ChansonSinger;12;/;75;=;16,0%;1;/;12;=;8,3%;0,2
977;NL;CheeseCarrier;4;/;78;=;5,1%;1;/;4;=;25,0%;0,2
969;WM;Pawnbroker;139;/;2691;=;5,2%;46;/;139;=;33,1%;0,2
979;E;masterbaker;122;/;2926;=;4,2%;22;/;122;=;18,0%;0,1
980;I;butcher;63;/;2677;=;2,4%;19;/;63;=;30,2%;0,1
981;I;fieldworker;98;/;2753;=;3,6%;23;/;98;=;23,5%;0,1
982;O;environmentalist;20;/;131;=;15,3%;1;/;20;=;5,0%;0,1
983;O;lovablevagabond;6;/;123;=;4,9%;1;/;6;=;16,7%;0,1
984;O;bigbacker;10;/;104;=;9,6%;1;/;10;=;10,0%;0,1
985;I;watermill;54;/;3113;=;1,7%;14;/;54;=;25,9%;0,1
986;WA;SodaProducer;7;/;97;=;7,2%;1;/;7;=;14,3%;0,1
987;WA;BeggingLetter;3;/;24;=;12,5%;0;/;3;=;0,0%;0
988;NL;DutchWindmill;3;/;70;=;4,3%;0;/;3;=;0,0%;0
989;WA;IslandsofPeace;4;/;85;=;4,7%;0;/;4;=;0,0%;0
990;FL;Rainmaker;4;/;61;=;6,6%;0;/;4;=;0,0%;0
991;FL;CafeSinger;5;/;70;=;7,1%;0;/;5;=;0,0%;0
992;NL;Gauger;2;/;69;=;2,9%;0;/;2;=;0,0%;0
